2024-03-14 09:00:00.549 INFO payment-client [ap-south-1] inventory reserved sku=SKU-4239 qty=1 order=ORD-172675
2024-03-14 09:00:01.120 INFO inventory [ap-south-1] inventory reserved sku=SKU-8988 qty=2 order=ORD-205350
2024-03-14 09:00:01.537 DEBUG inventory [ap-south-1] emitted metric checkout.latency value=196 region=us-east-1
2024-03-14 09:00:02.264 INFO cart-store [ap-south-1] charge accepted order=ORD-260097 amount_cents=21685 currency=USD gateway_ref=ch_b4b3a14fdb04
2024-03-14 09:00:03.142 INFO inventory [us-east-1] handled GET /v1/cart/ORD-279453 user=usr_7712 status=200 duration_ms=111
2024-03-14 09:00:03.888 INFO checkout-api [eu-west-1] cache hit key=cart:ORD-123884 ttl_remaining_s=163
2024-03-14 09:00:04.312 DEBUG checkout-api [ap-south-1] acquired connection pool=payment size=64 in_use=8 wait_ms=338
2024-03-14 09:00:04.829 INFO checkout-api [ap-south-1] charge accepted order=ORD-802163 amount_cents=5039 currency=USD gateway_ref=ch_75a91c42703c
2024-03-14 09:00:04.972 INFO cart-store [us-east-1] inventory reserved sku=SKU-5035 qty=1 order=ORD-166856
2024-03-14 09:00:05.155 INFO checkout-api [ap-south-1] charge accepted order=ORD-965934 amount_cents=12344 currency=USD gateway_ref=ch_ead0d1cb250f
2024-03-14 09:00:05.724 INFO payment-client [eu-west-1] handled GET /v1/cart/ORD-891782 user=usr_6157 status=200 duration_ms=197
2024-03-14 09:00:06.148 INFO payment-client [ap-south-1] charge accepted order=ORD-515332 amount_cents=5758 currency=USD gateway_ref=ch_c3b8bd27891c
2024-03-14 09:00:06.830 INFO payment-client [us-east-1] inventory reserved sku=SKU-7391 qty=4 order=ORD-729388
2024-03-14 09:00:07.331 INFO inventory [ap-south-1] charge accepted order=ORD-760534 amount_cents=13050 currency=USD gateway_ref=ch_b8e09e25bd39
2024-03-14 09:00:07.988 DEBUG payment-client [eu-west-1] emitted metric checkout.latency value=297 region=ap-south-1
2024-03-14 09:00:08.207 INFO cart-store [us-east-1] inventory reserved sku=SKU-4954 qty=3 order=ORD-358602
2024-03-14 09:00:08.693 INFO payment-client [eu-west-1] cache hit key=cart:ORD-262251 ttl_remaining_s=13
2024-03-14 09:00:09.475 INFO inventory [eu-west-1] cache hit key=cart:ORD-981252 ttl_remaining_s=58
2024-03-14 09:00:09.758 INFO inventory [eu-west-1] inventory reserved sku=SKU-3315 qty=2 order=ORD-983436
2024-03-14 09:00:10.284 INFO inventory [ap-south-1] handled GET /v1/cart/ORD-939143 user=usr_4541 status=200 duration_ms=318
2024-03-14 09:00:10.609 INFO cart-store [ap-south-1] cache hit key=cart:ORD-301353 ttl_remaining_s=145
2024-03-14 09:00:10.851 INFO checkout-api [us-east-1] handled GET /v1/cart/ORD-501876 user=usr_3257 status=200 duration_ms=247
2024-03-14 09:00:11.650 DEBUG payment-client [ap-south-1] emitted metric checkout.latency value=285 region=eu-west-1
2024-03-14 09:00:12.352 INFO payment-client [eu-west-1] charge accepted order=ORD-605165 amount_cents=14875 currency=USD gateway_ref=ch_38c57721e16b
2024-03-14 09:00:12.591 INFO inventory [us-east-1] cache hit key=cart:ORD-208147 ttl_remaining_s=222
2024-03-14 09:00:13.272 INFO checkout-api [us-east-1] cache hit key=cart:ORD-162617 ttl_remaining_s=233
2024-03-14 09:00:13.709 DEBUG payment-client [ap-south-1] emitted metric checkout.latency value=115 region=eu-west-1
2024-03-14 09:00:14.271 DEBUG payment-client [eu-west-1] emitted metric checkout.latency value=277 region=ap-south-1
2024-03-14 09:00:14.945 DEBUG cart-store [us-east-1] emitted metric checkout.latency value=146 region=eu-west-1
2024-03-14 09:00:15.362 DEBUG cart-store [ap-south-1] emitted metric checkout.latency value=225 region=ap-south-1
2024-03-14 09:00:15.772 INFO inventory [ap-south-1] cache hit key=cart:ORD-733227 ttl_remaining_s=237
2024-03-14 09:00:16.105 DEBUG cart-store [us-east-1] acquired connection pool=payment size=64 in_use=49 wait_ms=236
2024-03-14 09:00:16.908 INFO cart-store [us-east-1] charge accepted order=ORD-563323 amount_cents=21909 currency=USD gateway_ref=ch_4b54d2d7b5ac
2024-03-14 09:00:17.668 INFO cart-store [ap-south-1] inventory reserved sku=SKU-3477 qty=3 order=ORD-116083
2024-03-14 09:00:17.854 DEBUG checkout-api [us-east-1] emitted metric checkout.latency value=298 region=eu-west-1
2024-03-14 09:00:18.082 INFO checkout-api [us-east-1] charge accepted order=ORD-462009 amount_cents=1087 currency=USD gateway_ref=ch_fab7ad751846
2024-03-14 09:00:18.549 INFO inventory [ap-south-1] handled POST /v1/checkout order=ORD-223129 user=usr_9969 status=200 duration_ms=267
2024-03-14 09:00:19.198 INFO inventory [eu-west-1] cache hit key=cart:ORD-141905 ttl_remaining_s=143
2024-03-14 09:00:19.874 INFO checkout-api [eu-west-1] charge accepted order=ORD-341411 amount_cents=22735 currency=USD gateway_ref=ch_0a95dc723fa9
2024-03-14 09:00:20.353 INFO checkout-api [ap-south-1] charge accepted order=ORD-226066 amount_cents=16225 currency=USD gateway_ref=ch_61d31fa101cb
2024-03-14 09:00:20.730 INFO cart-store [ap-south-1] handled GET /v1/cart/ORD-606220 user=usr_9297 status=200 duration_ms=255
2024-03-14 09:00:20.857 INFO cart-store [us-east-1] inventory reserved sku=SKU-3511 qty=1 order=ORD-279128
2024-03-14 09:00:21.443 DEBUG payment-client [ap-south-1] acquired connection pool=payment size=64 in_use=38 wait_ms=46
2024-03-14 09:00:21.591 DEBUG payment-client [eu-west-1] emitted metric checkout.latency value=290 region=eu-west-1
2024-03-14 09:00:21.906 DEBUG cart-store [eu-west-1] emitted metric checkout.latency value=111 region=ap-south-1
2024-03-14 09:00:22.659 INFO inventory [ap-south-1] handled POST /v1/checkout order=ORD-546224 user=usr_6543 status=200 duration_ms=112
2024-03-14 09:00:22.913 DEBUG payment-client [ap-south-1] emitted metric checkout.latency value=280 region=eu-west-1
2024-03-14 09:00:23.807 INFO cart-store [eu-west-1] handled GET /v1/cart/ORD-523894 user=usr_7968 status=200 duration_ms=175
2024-03-14 09:00:24.421 INFO inventory [eu-west-1] handled GET /v1/cart/ORD-941277 user=usr_7438 status=200 duration_ms=323
2024-03-14 09:00:24.592 INFO payment-client [ap-south-1] cache hit key=cart:ORD-647634 ttl_remaining_s=116
2024-03-14 09:00:25.098 INFO checkout-api [ap-south-1] inventory reserved sku=SKU-4120 qty=3 order=ORD-573025
2024-03-14 09:00:25.542 INFO payment-client [us-east-1] inventory reserved sku=SKU-8724 qty=4 order=ORD-467726
2024-03-14 09:00:25.738 INFO cart-store [ap-south-1] charge accepted order=ORD-878348 amount_cents=22893 currency=USD gateway_ref=ch_92e43aa7a11a
2024-03-14 09:00:25.871 INFO cart-store [ap-south-1] handled GET /v1/cart/ORD-796193 user=usr_3302 status=200 duration_ms=121
2024-03-14 09:00:26.169 INFO checkout-api [ap-south-1] cache hit key=cart:ORD-170530 ttl_remaining_s=279
2024-03-14 09:00:26.727 INFO inventory [eu-west-1] handled POST /v1/checkout order=ORD-242244 user=usr_5927 status=200 duration_ms=155
2024-03-14 09:00:27.030 INFO payment-client [us-east-1] handled GET /v1/cart/ORD-575329 user=usr_5789 status=200 duration_ms=138
2024-03-14 09:00:27.544 INFO payment-client [ap-south-1] cache hit key=cart:ORD-595282 ttl_remaining_s=167
2024-03-14 09:00:27.846 INFO checkout-api [ap-south-1] handled POST /v1/checkout order=ORD-839407 user=usr_3025 status=200 duration_ms=209
2024-03-14 09:00:28.299 INFO payment-client [ap-south-1] inventory reserved sku=SKU-7292 qty=2 order=ORD-922267
2024-03-14 09:00:29.094 DEBUG checkout-api [eu-west-1] emitted metric checkout.latency value=47 region=eu-west-1
2024-03-14 09:00:29.654 INFO checkout-api [ap-south-1] cache hit key=cart:ORD-688006 ttl_remaining_s=52
2024-03-14 09:00:30.117 INFO cart-store [ap-south-1] handled GET /v1/cart/ORD-877656 user=usr_7633 status=200 duration_ms=282
2024-03-14 09:00:30.240 INFO checkout-api [eu-west-1] cache hit key=cart:ORD-752068 ttl_remaining_s=110
2024-03-14 09:00:30.580 INFO checkout-api [us-east-1] cache hit key=cart:ORD-948802 ttl_remaining_s=116
2024-03-14 09:00:30.762 INFO cart-store [ap-south-1] handled POST /v1/checkout order=ORD-645546 user=usr_1279 status=200 duration_ms=203
2024-03-14 09:00:31.064 INFO payment-client [ap-south-1] cache hit key=cart:ORD-984360 ttl_remaining_s=232
2024-03-14 09:00:31.713 INFO payment-client [us-east-1] handled POST /v1/checkout order=ORD-769579 user=usr_7951 status=200 duration_ms=34
2024-03-14 09:00:32.416 INFO checkout-api [eu-west-1] charge accepted order=ORD-141440 amount_cents=7334 currency=USD gateway_ref=ch_815a5d1ee9d5
2024-03-14 09:00:32.638 INFO cart-store [eu-west-1] cache hit key=cart:ORD-747240 ttl_remaining_s=140
2024-03-14 09:00:32.923 INFO cart-store [us-east-1] handled POST /v1/checkout order=ORD-377483 user=usr_2542 status=200 duration_ms=163
2024-03-14 09:00:33.462 INFO inventory [us-east-1] charge accepted order=ORD-366524 amount_cents=24631 currency=USD gateway_ref=ch_14ef4a5689f1
2024-03-14 09:00:34.101 INFO checkout-api [us-east-1] inventory reserved sku=SKU-9335 qty=3 order=ORD-360533
2024-03-14 09:00:34.963 INFO payment-client [us-east-1] inventory reserved sku=SKU-7477 qty=1 order=ORD-910299
2024-03-14 09:00:35.837 INFO inventory [ap-south-1] handled POST /v1/checkout order=ORD-141123 user=usr_5651 status=200 duration_ms=32
2024-03-14 09:00:36.317 INFO checkout-api [ap-south-1] handled POST /v1/checkout order=ORD-528569 user=usr_9647 status=200 duration_ms=188
2024-03-14 09:00:37.124 INFO inventory [ap-south-1] handled GET /v1/cart/ORD-379676 user=usr_1913 status=200 duration_ms=237
2024-03-14 09:00:37.526 INFO checkout-api [eu-west-1] cache hit key=cart:ORD-753083 ttl_remaining_s=14
2024-03-14 09:00:37.822 INFO payment-client [ap-south-1] cache hit key=cart:ORD-235748 ttl_remaining_s=172
2024-03-14 09:00:38.082 INFO inventory [eu-west-1] handled GET /v1/cart/ORD-532747 user=usr_1376 status=200 duration_ms=246
2024-03-14 09:00:38.587 INFO payment-client [eu-west-1] inventory reserved sku=SKU-6990 qty=4 order=ORD-551631
2024-03-14 09:00:38.950 INFO checkout-api [ap-south-1] handled GET /v1/cart/ORD-693792 user=usr_2908 status=200 duration_ms=278
2024-03-14 09:00:39.223 DEBUG checkout-api [eu-west-1] acquired connection pool=payment size=64 in_use=27 wait_ms=80
2024-03-14 09:00:39.767 DEBUG inventory [eu-west-1] acquired connection pool=payment size=64 in_use=27 wait_ms=114
2024-03-14 09:00:40.448 DEBUG inventory [us-east-1] emitted metric checkout.latency value=255 region=eu-west-1
2024-03-14 09:00:40.770 INFO inventory [eu-west-1] charge accepted order=ORD-149269 amount_cents=21080 currency=USD gateway_ref=ch_a967934c2bf2
2024-03-14 09:00:41.301 INFO cart-store [eu-west-1] handled POST /v1/checkout order=ORD-645539 user=usr_7737 status=200 duration_ms=280
2024-03-14 09:00:42.084 INFO cart-store [ap-south-1] handled GET /v1/cart/ORD-296106 user=usr_9690 status=200 duration_ms=248
2024-03-14 09:00:42.483 INFO payment-client [ap-south-1] handled GET /v1/cart/ORD-137924 user=usr_6551 status=200 duration_ms=224
2024-03-14 09:00:42.985 DEBUG inventory [eu-west-1] acquired connection pool=payment size=64 in_use=41 wait_ms=130
2024-03-14 09:00:43.359 INFO cart-store [us-east-1] cache hit key=cart:ORD-274947 ttl_remaining_s=129
2024-03-14 09:00:43.750 DEBUG checkout-api [ap-south-1] acquired connection pool=payment size=64 in_use=10 wait_ms=150
2024-03-14 09:00:43.883 DEBUG inventory [us-east-1] acquired connection pool=payment size=64 in_use=35 wait_ms=176
2024-03-14 09:00:44.170 DEBUG checkout-api [eu-west-1] emitted metric checkout.latency value=57 region=eu-west-1
2024-03-14 09:00:44.939 INFO payment-client [us-east-1] handled POST /v1/checkout order=ORD-160020 user=usr_1814 status=200 duration_ms=133
2024-03-14 09:00:45.163 INFO cart-store [us-east-1] cache hit key=cart:ORD-874913 ttl_remaining_s=122
2024-03-14 09:00:45.631 INFO cart-store [us-east-1] handled POST /v1/checkout order=ORD-660265 user=usr_1913 status=200 duration_ms=195
2024-03-14 09:00:46.020 INFO inventory [us-east-1] charge accepted order=ORD-714086 amount_cents=18064 currency=USD gateway_ref=ch_dae0ea97e930
2024-03-14 09:00:46.340 INFO inventory [eu-west-1] cache hit key=cart:ORD-346590 ttl_remaining_s=140
2024-03-14 09:00:47.226 INFO inventory [us-east-1] charge accepted order=ORD-314788 amount_cents=8381 currency=USD gateway_ref=ch_c5d05c294273
2024-03-14 09:00:47.920 INFO cart-store [ap-south-1] handled POST /v1/checkout order=ORD-199863 user=usr_2875 status=200 duration_ms=338
2024-03-14 09:00:48.266 INFO payment-client [us-east-1] inventory reserved sku=SKU-3635 qty=2 order=ORD-975768
2024-03-14 09:00:49.113 DEBUG cart-store [ap-south-1] emitted metric checkout.latency value=130 region=ap-south-1
2024-03-14 09:00:49.658 INFO inventory [eu-west-1] inventory reserved sku=SKU-9225 qty=1 order=ORD-333469
2024-03-14 09:00:49.984 INFO inventory [ap-south-1] cache hit key=cart:ORD-433820 ttl_remaining_s=220
2024-03-14 09:00:50.107 DEBUG payment-client [eu-west-1] acquired connection pool=payment size=64 in_use=34 wait_ms=301
2024-03-14 09:00:50.859 DEBUG cart-store [us-east-1] emitted metric checkout.latency value=335 region=eu-west-1
2024-03-14 09:00:51.548 INFO inventory [eu-west-1] cache hit key=cart:ORD-596204 ttl_remaining_s=207
2024-03-14 09:00:52.280 INFO checkout-api [ap-south-1] inventory reserved sku=SKU-2774 qty=4 order=ORD-292248
2024-03-14 09:00:52.550 INFO inventory [ap-south-1] handled POST /v1/checkout order=ORD-191860 user=usr_3677 status=200 duration_ms=307
2024-03-14 09:00:53.048 INFO cart-store [eu-west-1] handled POST /v1/checkout order=ORD-516947 user=usr_4970 status=200 duration_ms=102
2024-03-14 09:00:53.581 DEBUG cart-store [ap-south-1] acquired connection pool=payment size=64 in_use=18 wait_ms=89
2024-03-14 09:00:54.196 DEBUG inventory [eu-west-1] acquired connection pool=payment size=64 in_use=56 wait_ms=305
2024-03-14 09:00:54.973 DEBUG cart-store [eu-west-1] acquired connection pool=payment size=64 in_use=15 wait_ms=139
2024-03-14 09:00:55.218 INFO cart-store [us-east-1] handled GET /v1/cart/ORD-944988 user=usr_4923 status=200 duration_ms=83
2024-03-14 09:00:55.982 DEBUG inventory [us-east-1] acquired connection pool=payment size=64 in_use=40 wait_ms=279
2024-03-14 09:00:56.421 DEBUG inventory [eu-west-1] acquired connection pool=payment size=64 in_use=36 wait_ms=92
2024-03-14 09:00:56.820 INFO checkout-api [us-east-1] inventory reserved sku=SKU-3658 qty=3 order=ORD-709306
2024-03-14 09:00:57.381 INFO payment-client [us-east-1] handled POST /v1/checkout order=ORD-676462 user=usr_7200 status=200 duration_ms=89
2024-03-14 09:00:57.913 DEBUG payment-client [us-east-1] acquired connection pool=payment size=64 in_use=16 wait_ms=41
2024-03-14 09:00:58.428 INFO payment-client [us-east-1] cache hit key=cart:ORD-762175 ttl_remaining_s=229
2024-03-14 09:00:59.096 INFO inventory [eu-west-1] cache hit key=cart:ORD-884693 ttl_remaining_s=127
2024-03-14 09:00:59.893 DEBUG cart-store [ap-south-1] acquired connection pool=payment size=64 in_use=4 wait_ms=114
2024-03-14 09:01:00.230 INFO payment-client [ap-south-1] charge accepted order=ORD-861537 amount_cents=14238 currency=USD gateway_ref=ch_1e11c75411ce
2024-03-14 09:01:00.713 INFO checkout-api [us-east-1] handled POST /v1/checkout order=ORD-860087 user=usr_9391 status=200 duration_ms=186
2024-03-14 09:01:01.025 DEBUG cart-store [eu-west-1] acquired connection pool=payment size=64 in_use=28 wait_ms=224
2024-03-14 09:01:01.215 DEBUG inventory [ap-south-1] acquired connection pool=payment size=64 in_use=11 wait_ms=44
2024-03-14 09:01:01.737 DEBUG checkout-api [eu-west-1] acquired connection pool=payment size=64 in_use=2 wait_ms=177
2024-03-14 09:01:02.240 INFO inventory [eu-west-1] cache hit key=cart:ORD-519744 ttl_remaining_s=141
2024-03-14 09:01:02.691 DEBUG cart-store [eu-west-1] acquired connection pool=payment size=64 in_use=53 wait_ms=110
2024-03-14 09:01:03.060 DEBUG cart-store [eu-west-1] emitted metric checkout.latency value=283 region=eu-west-1
2024-03-14 09:01:03.756 DEBUG payment-client [eu-west-1] emitted metric checkout.latency value=202 region=eu-west-1
2024-03-14 09:01:04.049 INFO payment-client [eu-west-1] cache hit key=cart:ORD-107866 ttl_remaining_s=192
2024-03-14 09:01:04.505 INFO payment-client [ap-south-1] handled POST /v1/checkout order=ORD-515496 user=usr_1708 status=200 duration_ms=182
2024-03-14 09:01:04.771 INFO inventory [us-east-1] handled POST /v1/checkout order=ORD-224032 user=usr_8075 status=200 duration_ms=27
2024-03-14 09:01:05.531 DEBUG checkout-api [eu-west-1] emitted metric checkout.latency value=102 region=ap-south-1
2024-03-14 09:01:06.029 INFO inventory [eu-west-1] handled POST /v1/checkout order=ORD-515940 user=usr_3937 status=200 duration_ms=322
2024-03-14 09:01:06.847 INFO cart-store [us-east-1] charge accepted order=ORD-667307 amount_cents=4399 currency=USD gateway_ref=ch_77db24260484
2024-03-14 09:01:07.069 INFO cart-store [ap-south-1] inventory reserved sku=SKU-9084 qty=2 order=ORD-946304
2024-03-14 09:01:07.298 DEBUG cart-store [us-east-1] emitted metric checkout.latency value=205 region=eu-west-1
2024-03-14 09:01:07.897 INFO inventory [us-east-1] handled GET /v1/cart/ORD-853738 user=usr_7176 status=200 duration_ms=311
2024-03-14 09:01:08.373 DEBUG payment-client [us-east-1] acquired connection pool=payment size=64 in_use=11 wait_ms=22
2024-03-14 09:01:08.588 DEBUG inventory [eu-west-1] emitted metric checkout.latency value=243 region=eu-west-1
2024-03-14 09:01:09.002 INFO inventory [eu-west-1] cache hit key=cart:ORD-391452 ttl_remaining_s=149
2024-03-14 09:01:09.313 INFO inventory [us-east-1] handled GET /v1/cart/ORD-572109 user=usr_6539 status=200 duration_ms=242
2024-03-14 09:01:09.964 DEBUG checkout-api [eu-west-1] acquired connection pool=payment size=64 in_use=36 wait_ms=217
2024-03-14 09:01:10.662 INFO cart-store [eu-west-1] handled GET /v1/cart/ORD-517891 user=usr_2284 status=200 duration_ms=307
2024-03-14 09:01:11.020 INFO inventory [eu-west-1] handled POST /v1/checkout order=ORD-316709 user=usr_7482 status=200 duration_ms=310
2024-03-14 09:01:11.702 INFO checkout-api [ap-south-1] charge accepted order=ORD-581841 amount_cents=6126 currency=USD gateway_ref=ch_3dd5d7525a96
2024-03-14 09:01:12.241 DEBUG cart-store [eu-west-1] emitted metric checkout.latency value=302 region=ap-south-1
2024-03-14 09:01:13.135 INFO checkout-api [eu-west-1] handled POST /v1/checkout order=ORD-517954 user=usr_1622 status=200 duration_ms=189
2024-03-14 09:01:13.273 INFO checkout-api [eu-west-1] handled GET /v1/cart/ORD-292175 user=usr_9654 status=200 duration_ms=212
2024-03-14 09:01:13.985 INFO payment-client [ap-south-1] handled POST /v1/checkout order=ORD-324730 user=usr_2075 status=200 duration_ms=335
2024-03-14 09:01:14.649 INFO checkout-api [ap-south-1] charge accepted order=ORD-687899 amount_cents=1828 currency=USD gateway_ref=ch_55cc6d781680
2024-03-14 09:01:15.417 INFO cart-store [eu-west-1] charge accepted order=ORD-849024 amount_cents=16556 currency=USD gateway_ref=ch_a2411ed95498
2024-03-14 09:01:16.271 INFO cart-store [ap-south-1] cache hit key=cart:ORD-919109 ttl_remaining_s=47
2024-03-14 09:01:17.138 INFO cart-store [ap-south-1] charge accepted order=ORD-538094 amount_cents=8784 currency=USD gateway_ref=ch_fe983e736125
2024-03-14 09:01:17.581 INFO inventory [ap-south-1] charge accepted order=ORD-111556 amount_cents=10459 currency=USD gateway_ref=ch_85ea36c935e8
2024-03-14 09:01:17.981 INFO payment-client [us-east-1] charge accepted order=ORD-991860 amount_cents=16869 currency=USD gateway_ref=ch_5866c6ba1163
2024-03-14 09:01:18.103 INFO cart-store [ap-south-1] handled GET /v1/cart/ORD-504633 user=usr_8091 status=200 duration_ms=222
2024-03-14 09:01:18.628 INFO payment-client [us-east-1] cache hit key=cart:ORD-426782 ttl_remaining_s=164
2024-03-14 09:01:18.790 INFO payment-client [ap-south-1] charge accepted order=ORD-293456 amount_cents=7029 currency=USD gateway_ref=ch_fc1141cf4ec9
2024-03-14 09:01:19.358 DEBUG payment-client [ap-south-1] acquired connection pool=payment size=64 in_use=22 wait_ms=197
2024-03-14 09:01:20.229 DEBUG checkout-api [eu-west-1] emitted metric checkout.latency value=257 region=ap-south-1
2024-03-14 09:01:20.786 INFO checkout-api [ap-south-1] cache hit key=cart:ORD-758104 ttl_remaining_s=217
2024-03-14 09:01:21.186 INFO checkout-api [ap-south-1] handled GET /v1/cart/ORD-684339 user=usr_2319 status=200 duration_ms=235
2024-03-14 09:01:21.586 INFO payment-client [ap-south-1] inventory reserved sku=SKU-4517 qty=4 order=ORD-678320
2024-03-14 09:01:21.931 INFO inventory [ap-south-1] charge accepted order=ORD-103194 amount_cents=23682 currency=USD gateway_ref=ch_1c8ec94d0960
2024-03-14 09:01:22.140 INFO payment-client [ap-south-1] cache hit key=cart:ORD-117710 ttl_remaining_s=157
2024-03-14 09:01:22.463 INFO payment-client [eu-west-1] charge accepted order=ORD-853614 amount_cents=3684 currency=USD gateway_ref=ch_85af668af5ec
2024-03-14 09:01:22.789 INFO checkout-api [us-east-1] charge accepted order=ORD-127123 amount_cents=18784 currency=USD gateway_ref=ch_b8e230d25949
2024-03-14 09:01:23.585 INFO checkout-api [eu-west-1] inventory reserved sku=SKU-1161 qty=2 order=ORD-922064
2024-03-14 09:01:24.348 INFO payment-client [us-east-1] handled POST /v1/checkout order=ORD-221668 user=usr_3501 status=200 duration_ms=103
2024-03-14 09:01:24.822 INFO payment-client [us-east-1] handled POST /v1/checkout order=ORD-593922 user=usr_3886 status=200 duration_ms=121
2024-03-14 09:01:25.272 DEBUG inventory [us-east-1] emitted metric checkout.latency value=150 region=eu-west-1
2024-03-14 09:01:25.850 DEBUG inventory [eu-west-1] acquired connection pool=payment size=64 in_use=52 wait_ms=288
2024-03-14 09:01:26.069 DEBUG inventory [eu-west-1] acquired connection pool=payment size=64 in_use=42 wait_ms=70
2024-03-14 09:01:26.593 INFO payment-client [us-east-1] inventory reserved sku=SKU-6706 qty=3 order=ORD-309947
2024-03-14 09:01:27.387 DEBUG inventory [ap-south-1] acquired connection pool=payment size=64 in_use=38 wait_ms=92
2024-03-14 09:01:28.210 DEBUG inventory [ap-south-1] emitted metric checkout.latency value=210 region=eu-west-1
2024-03-14 09:01:29.056 DEBUG payment-client [us-east-1] acquired connection pool=payment size=64 in_use=22 wait_ms=241
2024-03-14 09:01:29.954 INFO payment-client [us-east-1] charge accepted order=ORD-767357 amount_cents=13082 currency=USD gateway_ref=ch_7622d5cb7de8
2024-03-14 09:01:30.389 INFO cart-store [eu-west-1] handled GET /v1/cart/ORD-898935 user=usr_3904 status=200 duration_ms=79
2024-03-14 09:01:30.683 DEBUG checkout-api [us-east-1] emitted metric checkout.latency value=189 region=us-east-1
2024-03-14 09:01:31.266 INFO inventory [ap-south-1] cache hit key=cart:ORD-648919 ttl_remaining_s=119
2024-03-14 09:01:31.816 DEBUG inventory [us-east-1] acquired connection pool=payment size=64 in_use=9 wait_ms=71
2024-03-14 09:01:31.951 INFO inventory [ap-south-1] inventory reserved sku=SKU-4485 qty=4 order=ORD-123365
2024-03-14 09:01:32.197 DEBUG checkout-api [ap-south-1] acquired connection pool=payment size=64 in_use=12 wait_ms=241
2024-03-14 09:01:32.321 INFO cart-store [ap-south-1] inventory reserved sku=SKU-4478 qty=4 order=ORD-122206
2024-03-14 09:01:32.872 INFO cart-store [us-east-1] cache hit key=cart:ORD-187663 ttl_remaining_s=65
2024-03-14 09:01:33.475 INFO inventory [eu-west-1] charge accepted order=ORD-155811 amount_cents=24807 currency=USD gateway_ref=ch_24b73dfea34c
2024-03-14 09:01:33.742 INFO payment-client [us-east-1] cache hit key=cart:ORD-671374 ttl_remaining_s=63
2024-03-14 09:01:33.903 INFO payment-client [us-east-1] handled GET /v1/cart/ORD-502062 user=usr_7314 status=200 duration_ms=257
2024-03-14 09:01:34.456 INFO payment-client [us-east-1] handled GET /v1/cart/ORD-755098 user=usr_4708 status=200 duration_ms=216
2024-03-14 09:01:35.216 INFO checkout-api [us-east-1] cache hit key=cart:ORD-551255 ttl_remaining_s=102
2024-03-14 09:01:35.770 INFO cart-store [eu-west-1] charge accepted order=ORD-604497 amount_cents=16795 currency=USD gateway_ref=ch_4294cfe121b8
2024-03-14 09:01:36.225 INFO payment-client [us-east-1] cache hit key=cart:ORD-914465 ttl_remaining_s=49
2024-03-14 09:01:37.027 INFO cart-store [eu-west-1] handled POST /v1/checkout order=ORD-768024 user=usr_3821 status=200 duration_ms=253
2024-03-14 09:01:37.249 INFO checkout-api [ap-south-1] handled GET /v1/cart/ORD-159856 user=usr_5764 status=200 duration_ms=89
2024-03-14 09:01:37.735 INFO payment-client [us-east-1] charge accepted order=ORD-206561 amount_cents=3367 currency=USD gateway_ref=ch_112553cfd9d2
2024-03-14 09:01:38.621 DEBUG cart-store [us-east-1] acquired connection pool=payment size=64 in_use=54 wait_ms=103
2024-03-14 09:01:38.969 INFO checkout-api [eu-west-1] inventory reserved sku=SKU-6592 qty=4 order=ORD-269148
2024-03-14 09:01:39.698 INFO payment-client [us-east-1] inventory reserved sku=SKU-6506 qty=3 order=ORD-985623
2024-03-14 09:01:39.910 DEBUG checkout-api [eu-west-1] emitted metric checkout.latency value=300 region=ap-south-1
2024-03-14 09:01:40.703 INFO checkout-api [us-east-1] charge accepted order=ORD-125215 amount_cents=4103 currency=USD gateway_ref=ch_ecd715efa86d
2024-03-14 09:01:41.557 INFO payment-client [eu-west-1] handled GET /v1/cart/ORD-857983 user=usr_9409 status=200 duration_ms=253
2024-03-14 09:01:42.368 DEBUG checkout-api [us-east-1] acquired connection pool=payment size=64 in_use=27 wait_ms=196
2024-03-14 09:01:42.974 DEBUG inventory [us-east-1] emitted metric checkout.latency value=175 region=ap-south-1
2024-03-14 09:01:43.827 INFO checkout-api [ap-south-1] cache hit key=cart:ORD-810818 ttl_remaining_s=186
2024-03-14 09:01:44.715 INFO payment-client [eu-west-1] charge accepted order=ORD-976153 amount_cents=22968 currency=USD gateway_ref=ch_bc7d32aec499
2024-03-14 09:01:45.614 INFO cart-store [eu-west-1] inventory reserved sku=SKU-4676 qty=1 order=ORD-265558
2024-03-14 09:01:46.107 DEBUG checkout-api [ap-south-1] acquired connection pool=payment size=64 in_use=30 wait_ms=193
2024-03-14 09:01:46.564 INFO payment-client [eu-west-1] cache hit key=cart:ORD-841704 ttl_remaining_s=181
2024-03-14 09:01:47.040 DEBUG checkout-api [us-east-1] acquired connection pool=payment size=64 in_use=30 wait_ms=78
2024-03-14 09:01:47.465 INFO payment-client [ap-south-1] handled GET /v1/cart/ORD-958245 user=usr_6342 status=200 duration_ms=224
2024-03-14 09:01:47.938 DEBUG cart-store [us-east-1] acquired connection pool=payment size=64 in_use=42 wait_ms=188
2024-03-14 09:01:48.297 DEBUG inventory [us-east-1] acquired connection pool=payment size=64 in_use=36 wait_ms=99
2024-03-14 09:01:49.079 INFO checkout-api [eu-west-1] charge accepted order=ORD-828175 amount_cents=16945 currency=USD gateway_ref=ch_2cfbc35f0380
2024-03-14 09:01:49.896 DEBUG inventory [ap-south-1] acquired connection pool=payment size=64 in_use=21 wait_ms=220
2024-03-14 09:01:50.585 INFO cart-store [eu-west-1] charge accepted order=ORD-375924 amount_cents=19191 currency=USD gateway_ref=ch_ac8555ee849d
2024-03-14 09:01:51.157 INFO payment-client [us-east-1] cache hit key=cart:ORD-440001 ttl_remaining_s=43
2024-03-14 09:01:51.614 INFO inventory [eu-west-1] inventory reserved sku=SKU-2019 qty=4 order=ORD-383650
2024-03-14 09:01:51.966 INFO checkout-api [us-east-1] handled GET /v1/cart/ORD-961906 user=usr_4431 status=200 duration_ms=323
2024-03-14 09:01:52.553 DEBUG checkout-api [ap-south-1] emitted metric checkout.latency value=286 region=ap-south-1
2024-03-14 09:01:52.959 INFO inventory [eu-west-1] handled GET /v1/cart/ORD-239231 user=usr_6118 status=200 duration_ms=93
2024-03-14 09:01:53.194 DEBUG cart-store [ap-south-1] emitted metric checkout.latency value=112 region=ap-south-1
2024-03-14 09:01:53.824 INFO inventory [eu-west-1] handled POST /v1/checkout order=ORD-260055 user=usr_1690 status=200 duration_ms=252
2024-03-14 09:01:54.561 INFO payment-client [us-east-1] handled GET /v1/cart/ORD-700591 user=usr_4712 status=200 duration_ms=333
2024-03-14 09:01:55.021 INFO payment-client [eu-west-1] handled GET /v1/cart/ORD-789982 user=usr_6971 status=200 duration_ms=24
2024-03-14 09:01:55.344 INFO payment-client [us-east-1] cache hit key=cart:ORD-588453 ttl_remaining_s=131
2024-03-14 09:01:55.823 INFO inventory [eu-west-1] charge accepted order=ORD-295731 amount_cents=689 currency=USD gateway_ref=ch_7292875f08a1
2024-03-14 09:01:56.523 INFO payment-client [eu-west-1] charge accepted order=ORD-853306 amount_cents=17150 currency=USD gateway_ref=ch_c6fb2a66b69e
2024-03-14 09:01:56.916 INFO payment-client [eu-west-1] charge accepted order=ORD-357141 amount_cents=15016 currency=USD gateway_ref=ch_e95119ad8d89
2024-03-14 09:01:57.660 INFO checkout-api [us-east-1] inventory reserved sku=SKU-9404 qty=2 order=ORD-245100
2024-03-14 09:01:58.138 INFO payment-client [ap-south-1] inventory reserved sku=SKU-8298 qty=2 order=ORD-236034
2024-03-14 09:01:58.585 INFO payment-client [us-east-1] handled GET /v1/cart/ORD-576277 user=usr_1756 status=200 duration_ms=328
2024-03-14 09:01:59.035 INFO checkout-api [us-east-1] charge accepted order=ORD-925776 amount_cents=22614 currency=USD gateway_ref=ch_f2c5998b0bf6
2024-03-14 09:01:59.291 DEBUG inventory [ap-south-1] acquired connection pool=payment size=64 in_use=44 wait_ms=202
2024-03-14 09:02:00.047 INFO cart-store [eu-west-1] charge accepted order=ORD-948392 amount_cents=12692 currency=USD gateway_ref=ch_33c882eab963
2024-03-14 09:02:00.223 DEBUG checkout-api [eu-west-1] acquired connection pool=payment size=64 in_use=34 wait_ms=87
2024-03-14 09:02:00.487 INFO payment-client [us-east-1] cache hit key=cart:ORD-260879 ttl_remaining_s=155
2024-03-14 09:02:00.684 INFO cart-store [eu-west-1] handled GET /v1/cart/ORD-845998 user=usr_3263 status=200 duration_ms=306
2024-03-14 09:02:00.989 INFO inventory [eu-west-1] charge accepted order=ORD-200328 amount_cents=6128 currency=USD gateway_ref=ch_665fcb5da801
2024-03-14 09:02:01.615 INFO cart-store [ap-south-1] charge accepted order=ORD-393487 amount_cents=11364 currency=USD gateway_ref=ch_5e95198c5b2c
2024-03-14 09:02:01.873 INFO cart-store [eu-west-1] charge accepted order=ORD-295495 amount_cents=5150 currency=USD gateway_ref=ch_ccc72cf13599
2024-03-14 09:02:02.336 INFO inventory [ap-south-1] charge accepted order=ORD-725400 amount_cents=7601 currency=USD gateway_ref=ch_bd0531cebd43
2024-03-14 09:02:03.152 DEBUG inventory [us-east-1] acquired connection pool=payment size=64 in_use=20 wait_ms=204
2024-03-14 09:02:03.475 DEBUG inventory [us-east-1] emitted metric checkout.latency value=60 region=us-east-1
2024-03-14 09:02:04.208 INFO cart-store [ap-south-1] cache hit key=cart:ORD-935759 ttl_remaining_s=186
2024-03-14 09:02:04.384 DEBUG inventory [eu-west-1] acquired connection pool=payment size=64 in_use=50 wait_ms=32
2024-03-14 09:02:05.097 INFO checkout-api [ap-south-1] handled POST /v1/checkout order=ORD-893355 user=usr_6565 status=200 duration_ms=327
2024-03-14 09:02:05.223 INFO payment-client [us-east-1] inventory reserved sku=SKU-9046 qty=3 order=ORD-482794
2024-03-14 09:02:05.416 INFO inventory [ap-south-1] handled GET /v1/cart/ORD-122952 user=usr_7500 status=200 duration_ms=263
2024-03-14 09:02:05.870 INFO inventory [ap-south-1] inventory reserved sku=SKU-1004 qty=1 order=ORD-478394
2024-03-14 09:02:06.546 DEBUG payment-client [us-east-1] emitted metric checkout.latency value=185 region=eu-west-1
2024-03-14 09:02:07.184 DEBUG cart-store [eu-west-1] emitted metric checkout.latency value=31 region=us-east-1
2024-03-14 09:02:07.650 DEBUG cart-store [eu-west-1] emitted metric checkout.latency value=339 region=us-east-1
2024-03-14 09:02:07.957 INFO inventory [ap-south-1] inventory reserved sku=SKU-9966 qty=4 order=ORD-821688
2024-03-14 09:02:08.626 INFO inventory [eu-west-1] handled GET /v1/cart/ORD-302904 user=usr_6183 status=200 duration_ms=121
2024-03-14 09:02:08.846 DEBUG inventory [ap-south-1] acquired connection pool=payment size=64 in_use=50 wait_ms=169
2024-03-14 09:02:09.627 INFO cart-store [eu-west-1] inventory reserved sku=SKU-2972 qty=4 order=ORD-394050
2024-03-14 09:02:10.288 INFO cart-store [eu-west-1] inventory reserved sku=SKU-7063 qty=1 order=ORD-411224
2024-03-14 09:02:10.910 DEBUG inventory [ap-south-1] acquired connection pool=payment size=64 in_use=26 wait_ms=149
2024-03-14 09:02:11.573 DEBUG payment-client [ap-south-1] acquired connection pool=payment size=64 in_use=59 wait_ms=321
2024-03-14 09:02:12.469 DEBUG payment-client [ap-south-1] acquired connection pool=payment size=64 in_use=6 wait_ms=276
2024-03-14 09:02:12.690 DEBUG payment-client [us-east-1] emitted metric checkout.latency value=95 region=us-east-1
2024-03-14 09:02:13.086 INFO inventory [us-east-1] cache hit key=cart:ORD-895416 ttl_remaining_s=221
2024-03-14 09:02:13.846 INFO checkout-api [us-east-1] handled POST /v1/checkout order=ORD-557760 user=usr_1670 status=200 duration_ms=95
2024-03-14 09:02:14.239 DEBUG inventory [us-east-1] emitted metric checkout.latency value=25 region=ap-south-1
2024-03-14 09:02:14.544 INFO cart-store [us-east-1] cache hit key=cart:ORD-956498 ttl_remaining_s=234
2024-03-14 09:02:14.736 INFO payment-client [eu-west-1] inventory reserved sku=SKU-5961 qty=3 order=ORD-378697
2024-03-14 09:02:15.504 DEBUG checkout-api [us-east-1] acquired connection pool=payment size=64 in_use=41 wait_ms=38
2024-03-14 09:02:16.067 INFO payment-client [ap-south-1] charge accepted order=ORD-102717 amount_cents=11749 currency=USD gateway_ref=ch_2fd8c189c235
2024-03-14 09:02:16.650 INFO inventory [eu-west-1] inventory reserved sku=SKU-1850 qty=2 order=ORD-176608
2024-03-14 09:02:17.296 INFO inventory [ap-south-1] handled POST /v1/checkout order=ORD-803712 user=usr_9957 status=200 duration_ms=200
2024-03-14 09:02:17.807 DEBUG cart-store [us-east-1] acquired connection pool=payment size=64 in_use=41 wait_ms=30
2024-03-14 09:02:18.063 INFO cart-store [us-east-1] charge accepted order=ORD-232777 amount_cents=5239 currency=USD gateway_ref=ch_f20b31ad9330
2024-03-14 09:02:18.237 DEBUG cart-store [eu-west-1] emitted metric checkout.latency value=184 region=us-east-1
2024-03-14 09:02:18.551 INFO cart-store [eu-west-1] inventory reserved sku=SKU-6893 qty=1 order=ORD-925080
2024-03-14 09:02:18.720 INFO checkout-api [us-east-1] handled GET /v1/cart/ORD-387597 user=usr_1905 status=200 duration_ms=225
2024-03-14 09:02:18.955 INFO inventory [us-east-1] inventory reserved sku=SKU-2101 qty=2 order=ORD-583998
2024-03-14 09:02:19.548 INFO payment-client [us-east-1] handled POST /v1/checkout order=ORD-556736 user=usr_3215 status=200 duration_ms=304
2024-03-14 09:02:19.768 INFO payment-client [ap-south-1] handled GET /v1/cart/ORD-775320 user=usr_6210 status=200 duration_ms=267
2024-03-14 09:02:20.499 INFO payment-client [ap-south-1] cache hit key=cart:ORD-307830 ttl_remaining_s=94
2024-03-14 09:02:20.857 DEBUG checkout-api [eu-west-1] acquired connection pool=payment size=64 in_use=25 wait_ms=146
2024-03-14 09:02:21.118 DEBUG checkout-api [us-east-1] emitted metric checkout.latency value=320 region=eu-west-1
2024-03-14 09:02:21.294 INFO inventory [us-east-1] cache hit key=cart:ORD-375860 ttl_remaining_s=65
2024-03-14 09:02:21.956 DEBUG payment-client [us-east-1] acquired connection pool=payment size=64 in_use=58 wait_ms=238
2024-03-14 09:02:22.246 INFO cart-store [us-east-1] cache hit key=cart:ORD-764066 ttl_remaining_s=211
2024-03-14 09:02:22.909 DEBUG payment-client [us-east-1] emitted metric checkout.latency value=30 region=us-east-1
2024-03-14 09:02:23.386 DEBUG inventory [ap-south-1] emitted metric checkout.latency value=250 region=ap-south-1
2024-03-14 09:02:23.962 INFO inventory [us-east-1] handled POST /v1/checkout order=ORD-315519 user=usr_3361 status=200 duration_ms=82
2024-03-14 09:02:24.389 INFO inventory [us-east-1] inventory reserved sku=SKU-1604 qty=3 order=ORD-426494
2024-03-14 09:02:24.693 INFO checkout-api [us-east-1] charge accepted order=ORD-283992 amount_cents=17976 currency=USD gateway_ref=ch_d910eafc3da3
2024-03-14 09:02:25.406 INFO inventory [eu-west-1] handled GET /v1/cart/ORD-788505 user=usr_4595 status=200 duration_ms=110
2024-03-14 09:02:25.635 INFO payment-client [eu-west-1] handled POST /v1/checkout order=ORD-640150 user=usr_1403 status=200 duration_ms=62
2024-03-14 09:02:25.758 INFO cart-store [eu-west-1] charge accepted order=ORD-689664 amount_cents=4709 currency=USD gateway_ref=ch_c1d1d9930872
2024-03-14 09:02:26.587 DEBUG cart-store [eu-west-1] acquired connection pool=payment size=64 in_use=12 wait_ms=55
2024-03-14 09:02:27.370 DEBUG checkout-api [us-east-1] emitted metric checkout.latency value=26 region=us-east-1
2024-03-14 09:02:27.525 INFO payment-client [ap-south-1] inventory reserved sku=SKU-3087 qty=1 order=ORD-282712
2024-03-14 09:02:28.199 DEBUG checkout-api [eu-west-1] acquired connection pool=payment size=64 in_use=39 wait_ms=159
2024-03-14 09:02:28.839 DEBUG cart-store [eu-west-1] acquired connection pool=payment size=64 in_use=22 wait_ms=311
2024-03-14 09:02:29.444 INFO checkout-api [us-east-1] inventory reserved sku=SKU-8370 qty=2 order=ORD-331255
2024-03-14 09:02:29.985 INFO cart-store [us-east-1] inventory reserved sku=SKU-2950 qty=4 order=ORD-197351
2024-03-14 09:02:30.289 DEBUG payment-client [eu-west-1] acquired connection pool=payment size=64 in_use=27 wait_ms=38
2024-03-14 09:02:30.513 INFO cart-store [eu-west-1] charge accepted order=ORD-861439 amount_cents=24313 currency=USD gateway_ref=ch_542d80a86ebc
2024-03-14 09:02:31.090 DEBUG inventory [us-east-1] acquired connection pool=payment size=64 in_use=51 wait_ms=203
2024-03-14 09:02:31.305 INFO inventory [eu-west-1] handled GET /v1/cart/ORD-443659 user=usr_3259 status=200 duration_ms=46
2024-03-14 09:02:32.019 INFO inventory [eu-west-1] inventory reserved sku=SKU-6153 qty=2 order=ORD-162395
2024-03-14 09:02:32.324 DEBUG inventory [ap-south-1] acquired connection pool=payment size=64 in_use=56 wait_ms=29
2024-03-14 09:02:32.635 INFO checkout-api [us-east-1] charge accepted order=ORD-237077 amount_cents=24273 currency=USD gateway_ref=ch_15b8d21657df
2024-03-14 09:02:33.262 INFO cart-store [eu-west-1] handled POST /v1/checkout order=ORD-452662 user=usr_5991 status=200 duration_ms=22
2024-03-14 09:02:33.617 DEBUG cart-store [us-east-1] acquired connection pool=payment size=64 in_use=56 wait_ms=247
2024-03-14 09:02:34.196 DEBUG inventory [us-east-1] emitted metric checkout.latency value=81 region=eu-west-1
2024-03-14 09:02:34.458 INFO inventory [us-east-1] cache hit key=cart:ORD-540922 ttl_remaining_s=57
2024-03-14 09:02:35.138 INFO checkout-api [us-east-1] charge accepted order=ORD-911470 amount_cents=1759 currency=USD gateway_ref=ch_69d3fe214aab
2024-03-14 09:02:35.443 INFO checkout-api [us-east-1] handled GET /v1/cart/ORD-845145 user=usr_1577 status=200 duration_ms=169
2024-03-14 09:02:36.241 INFO cart-store [us-east-1] cache hit key=cart:ORD-727020 ttl_remaining_s=158
2024-03-14 09:02:36.381 DEBUG checkout-api [us-east-1] emitted metric checkout.latency value=316 region=ap-south-1
2024-03-14 09:02:36.553 INFO inventory [ap-south-1] handled POST /v1/checkout order=ORD-346716 user=usr_8656 status=200 duration_ms=50
2024-03-14 09:02:36.732 INFO cart-store [eu-west-1] handled POST /v1/checkout order=ORD-373678 user=usr_3603 status=200 duration_ms=67
2024-03-14 09:02:37.227 DEBUG inventory [eu-west-1] emitted metric checkout.latency value=61 region=us-east-1
2024-03-14 09:02:37.870 INFO inventory [ap-south-1] charge accepted order=ORD-406026 amount_cents=24225 currency=USD gateway_ref=ch_eca6cb96f2c6
2024-03-14 09:02:38.081 INFO inventory [ap-south-1] charge accepted order=ORD-494248 amount_cents=17391 currency=USD gateway_ref=ch_48229e12ce97
2024-03-14 09:02:38.831 INFO cart-store [ap-south-1] charge accepted order=ORD-235122 amount_cents=9469 currency=USD gateway_ref=ch_d7244bb47b12
2024-03-14 09:02:39.661 INFO cart-store [eu-west-1] handled GET /v1/cart/ORD-496101 user=usr_6722 status=200 duration_ms=48
2024-03-14 09:02:40.119 INFO inventory [us-east-1] charge accepted order=ORD-362134 amount_cents=23506 currency=USD gateway_ref=ch_5611f62c0081
2024-03-14 09:02:40.709 INFO checkout-api [ap-south-1] charge accepted order=ORD-113157 amount_cents=19442 currency=USD gateway_ref=ch_fce9b207bc8f
2024-03-14 09:02:41.426 INFO cart-store [ap-south-1] inventory reserved sku=SKU-7365 qty=3 order=ORD-685980
2024-03-14 09:02:41.568 DEBUG payment-client [ap-south-1] acquired connection pool=payment size=64 in_use=50 wait_ms=125
2024-03-14 09:02:41.752 INFO checkout-api [ap-south-1] charge accepted order=ORD-533811 amount_cents=16027 currency=USD gateway_ref=ch_fa47b460ce44
2024-03-14 09:02:42.155 DEBUG cart-store [eu-west-1] emitted metric checkout.latency value=123 region=ap-south-1
2024-03-14 09:02:43.031 INFO cart-store [ap-south-1] charge accepted order=ORD-150556 amount_cents=19140 currency=USD gateway_ref=ch_8d493ca4757d
2024-03-14 09:02:43.683 DEBUG checkout-api [us-east-1] acquired connection pool=payment size=64 in_use=59 wait_ms=330
2024-03-14 09:02:44.220 INFO inventory [ap-south-1] cache hit key=cart:ORD-299910 ttl_remaining_s=199
2024-03-14 09:02:44.564 DEBUG cart-store [eu-west-1] acquired connection pool=payment size=64 in_use=27 wait_ms=242
2024-03-14 09:02:45.306 INFO payment-client [us-east-1] charge accepted order=ORD-537192 amount_cents=16308 currency=USD gateway_ref=ch_fa3dbf842236
2024-03-14 09:02:46.192 INFO cart-store [ap-south-1] inventory reserved sku=SKU-7081 qty=2 order=ORD-704426
2024-03-14 09:02:46.803 INFO payment-client [ap-south-1] handled POST /v1/checkout order=ORD-644654 user=usr_3124 status=200 duration_ms=215
2024-03-14 09:02:47.011 INFO cart-store [us-east-1] handled GET /v1/cart/ORD-908192 user=usr_4203 status=200 duration_ms=158
2024-03-14 09:02:47.908 INFO cart-store [ap-south-1] handled POST /v1/checkout order=ORD-256923 user=usr_9098 status=200 duration_ms=127
2024-03-14 09:02:48.726 INFO cart-store [us-east-1] cache hit key=cart:ORD-240557 ttl_remaining_s=272
2024-03-14 09:02:48.922 INFO payment-client [eu-west-1] inventory reserved sku=SKU-9459 qty=3 order=ORD-382502
2024-03-14 09:02:49.711 INFO checkout-api [us-east-1] handled GET /v1/cart/ORD-918352 user=usr_9700 status=200 duration_ms=258
2024-03-14 09:02:50.211 INFO payment-client [eu-west-1] handled POST /v1/checkout order=ORD-589613 user=usr_1330 status=200 duration_ms=52
2024-03-14 09:02:50.621 INFO cart-store [eu-west-1] handled POST /v1/checkout order=ORD-988661 user=usr_2729 status=200 duration_ms=309
2024-03-14 09:02:50.755 INFO checkout-api [ap-south-1] handled GET /v1/cart/ORD-541613 user=usr_7969 status=200 duration_ms=286
2024-03-14 09:02:51.156 INFO payment-client [us-east-1] handled POST /v1/checkout order=ORD-718572 user=usr_9610 status=200 duration_ms=119
2024-03-14 09:02:51.761 INFO payment-client [us-east-1] handled GET /v1/cart/ORD-791353 user=usr_4349 status=200 duration_ms=302
2024-03-14 09:02:52.560 INFO cart-store [us-east-1] inventory reserved sku=SKU-8662 qty=3 order=ORD-556705
2024-03-14 09:02:52.853 DEBUG payment-client [us-east-1] acquired connection pool=payment size=64 in_use=45 wait_ms=302
2024-03-14 09:02:53.614 INFO checkout-api [us-east-1] inventory reserved sku=SKU-4436 qty=3 order=ORD-505938
2024-03-14 09:02:54.468 INFO inventory [ap-south-1] inventory reserved sku=SKU-3567 qty=1 order=ORD-300834
2024-03-14 09:02:55.120 INFO inventory [ap-south-1] handled GET /v1/cart/ORD-141011 user=usr_9690 status=200 duration_ms=114
2024-03-14 09:02:55.754 INFO cart-store [ap-south-1] handled GET /v1/cart/ORD-582043 user=usr_4280 status=200 duration_ms=143
2024-03-14 09:02:56.323 DEBUG inventory [eu-west-1] emitted metric checkout.latency value=154 region=us-east-1
2024-03-14 09:02:56.669 INFO payment-client [ap-south-1] cache hit key=cart:ORD-823862 ttl_remaining_s=105
2024-03-14 09:02:57.069 DEBUG cart-store [ap-south-1] emitted metric checkout.latency value=202 region=us-east-1
2024-03-14 09:02:57.659 INFO inventory [eu-west-1] charge accepted order=ORD-584076 amount_cents=11046 currency=USD gateway_ref=ch_2c24b3be4878
2024-03-14 09:02:58.081 INFO cart-store [us-east-1] cache hit key=cart:ORD-715143 ttl_remaining_s=74
2024-03-14 09:02:58.735 INFO cart-store [eu-west-1] handled POST /v1/checkout order=ORD-386933 user=usr_1223 status=200 duration_ms=96
2024-03-14 09:02:59.278 INFO inventory [us-east-1] handled GET /v1/cart/ORD-634484 user=usr_3039 status=200 duration_ms=138
2024-03-14 09:02:59.606 INFO inventory [ap-south-1] charge accepted order=ORD-756987 amount_cents=16598 currency=USD gateway_ref=ch_65c0b366a06e
2024-03-14 09:03:00.038 INFO inventory [us-east-1] charge accepted order=ORD-283896 amount_cents=16843 currency=USD gateway_ref=ch_9783deb6e6a1
2024-03-14 09:03:00.854 INFO inventory [ap-south-1] charge accepted order=ORD-446545 amount_cents=12675 currency=USD gateway_ref=ch_7a14c3f36921
2024-03-14 09:03:01.629 INFO payment-client [us-east-1] inventory reserved sku=SKU-8314 qty=4 order=ORD-254020
2024-03-14 09:03:01.758 INFO inventory [us-east-1] inventory reserved sku=SKU-5691 qty=1 order=ORD-278285
2024-03-14 09:03:02.647 DEBUG inventory [ap-south-1] acquired connection pool=payment size=64 in_use=25 wait_ms=120
2024-03-14 09:03:03.505 INFO inventory [us-east-1] handled GET /v1/cart/ORD-684327 user=usr_1620 status=200 duration_ms=122
2024-03-14 09:03:04.302 DEBUG inventory [ap-south-1] emitted metric checkout.latency value=214 region=us-east-1
2024-03-14 09:03:05.081 INFO cart-store [eu-west-1] handled GET /v1/cart/ORD-741383 user=usr_7591 status=200 duration_ms=257
2024-03-14 09:03:05.552 INFO cart-store [ap-south-1] inventory reserved sku=SKU-5832 qty=3 order=ORD-378192
2024-03-14 09:03:06.405 INFO cart-store [eu-west-1] handled GET /v1/cart/ORD-988561 user=usr_6738 status=200 duration_ms=55
2024-03-14 09:03:06.867 INFO cart-store [us-east-1] handled GET /v1/cart/ORD-434898 user=usr_6306 status=200 duration_ms=191
2024-03-14 09:03:07.427 INFO inventory [eu-west-1] handled GET /v1/cart/ORD-598935 user=usr_1034 status=200 duration_ms=266
2024-03-14 09:03:07.584 DEBUG payment-client [us-east-1] acquired connection pool=payment size=64 in_use=47 wait_ms=237
2024-03-14 09:03:08.057 INFO cart-store [us-east-1] handled POST /v1/checkout order=ORD-750242 user=usr_8393 status=200 duration_ms=316
2024-03-14 09:03:08.391 INFO payment-client [us-east-1] charge accepted order=ORD-157023 amount_cents=16825 currency=USD gateway_ref=ch_df8df81292fb
2024-03-14 09:03:08.761 INFO checkout-api [us-east-1] handled POST /v1/checkout order=ORD-546795 user=usr_3140 status=200 duration_ms=63
2024-03-14 09:03:09.322 INFO inventory [ap-south-1] cache hit key=cart:ORD-328957 ttl_remaining_s=32
2024-03-14 09:03:09.819 INFO inventory [us-east-1] handled POST /v1/checkout order=ORD-565748 user=usr_6217 status=200 duration_ms=103
2024-03-14 09:03:10.709 INFO inventory [ap-south-1] cache hit key=cart:ORD-382244 ttl_remaining_s=285
2024-03-14 09:03:11.606 INFO checkout-api [us-east-1] handled POST /v1/checkout order=ORD-901130 user=usr_9701 status=200 duration_ms=80
2024-03-14 09:03:11.866 INFO inventory [us-east-1] charge accepted order=ORD-696336 amount_cents=14146 currency=USD gateway_ref=ch_cf2d114c7711
2024-03-14 09:03:12.582 DEBUG payment-client [eu-west-1] acquired connection pool=payment size=64 in_use=51 wait_ms=138
2024-03-14 09:03:13.422 DEBUG checkout-api [eu-west-1] acquired connection pool=payment size=64 in_use=7 wait_ms=176
2024-03-14 09:03:13.825 INFO checkout-api [eu-west-1] handled GET /v1/cart/ORD-211216 user=usr_3607 status=200 duration_ms=72
2024-03-14 09:03:14.298 DEBUG checkout-api [us-east-1] emitted metric checkout.latency value=53 region=ap-south-1
2024-03-14 09:03:14.579 DEBUG cart-store [us-east-1] acquired connection pool=payment size=64 in_use=28 wait_ms=97
2024-03-14 09:03:14.924 INFO payment-client [ap-south-1] cache hit key=cart:ORD-673929 ttl_remaining_s=129
2024-03-14 09:03:15.081 DEBUG cart-store [ap-south-1] emitted metric checkout.latency value=238 region=us-east-1
2024-03-14 09:03:15.866 INFO checkout-api [eu-west-1] cache hit key=cart:ORD-876557 ttl_remaining_s=142
2024-03-14 09:03:16.670 INFO inventory [ap-south-1] handled GET /v1/cart/ORD-878780 user=usr_7976 status=200 duration_ms=258
2024-03-14 09:03:17.444 INFO inventory [eu-west-1] charge accepted order=ORD-117565 amount_cents=1893 currency=USD gateway_ref=ch_5952e5c73b93
2024-03-14 09:03:17.776 INFO cart-store [eu-west-1] charge accepted order=ORD-685364 amount_cents=21696 currency=USD gateway_ref=ch_770eec139f8d
2024-03-14 09:03:17.915 DEBUG inventory [eu-west-1] emitted metric checkout.latency value=288 region=eu-west-1
2024-03-14 09:03:18.159 INFO cart-store [us-east-1] handled POST /v1/checkout order=ORD-253260 user=usr_3293 status=200 duration_ms=115
2024-03-14 09:03:18.731 DEBUG cart-store [us-east-1] emitted metric checkout.latency value=114 region=ap-south-1
2024-03-14 09:03:19.174 DEBUG cart-store [us-east-1] emitted metric checkout.latency value=284 region=us-east-1
2024-03-14 09:03:19.553 INFO payment-client [eu-west-1] handled GET /v1/cart/ORD-298874 user=usr_7478 status=200 duration_ms=261
2024-03-14 09:03:19.944 INFO checkout-api [ap-south-1] handled GET /v1/cart/ORD-967470 user=usr_6832 status=200 duration_ms=151
2024-03-14 09:03:20.610 INFO payment-client [eu-west-1] charge accepted order=ORD-377018 amount_cents=6731 currency=USD gateway_ref=ch_5aa9cef61a0e
2024-03-14 09:03:21.319 DEBUG cart-store [us-east-1] acquired connection pool=payment size=64 in_use=54 wait_ms=314
2024-03-14 09:03:21.803 DEBUG payment-client [ap-south-1] acquired connection pool=payment size=64 in_use=3 wait_ms=327
2024-03-14 09:03:22.483 INFO payment-client [us-east-1] cache hit key=cart:ORD-737384 ttl_remaining_s=259
2024-03-14 09:03:22.901 DEBUG inventory [us-east-1] acquired connection pool=payment size=64 in_use=47 wait_ms=240
2024-03-14 09:03:23.312 DEBUG checkout-api [eu-west-1] acquired connection pool=payment size=64 in_use=8 wait_ms=103
2024-03-14 09:03:24.130 INFO payment-client [ap-south-1] handled GET /v1/cart/ORD-635093 user=usr_3590 status=200 duration_ms=156
2024-03-14 09:03:24.360 DEBUG payment-client [ap-south-1] emitted metric checkout.latency value=313 region=eu-west-1
2024-03-14 09:03:24.604 INFO checkout-api [us-east-1] inventory reserved sku=SKU-9814 qty=1 order=ORD-713770
2024-03-14 09:03:24.859 INFO checkout-api [eu-west-1] inventory reserved sku=SKU-8330 qty=3 order=ORD-134848
2024-03-14 09:03:25.276 INFO cart-store [eu-west-1] charge accepted order=ORD-660960 amount_cents=5314 currency=USD gateway_ref=ch_45632ddaae42
2024-03-14 09:03:25.496 INFO cart-store [us-east-1] handled POST /v1/checkout order=ORD-257376 user=usr_8870 status=200 duration_ms=327
2024-03-14 09:03:25.735 INFO inventory [us-east-1] handled POST /v1/checkout order=ORD-642867 user=usr_4881 status=200 duration_ms=290
2024-03-14 09:03:26.105 DEBUG payment-client [ap-south-1] acquired connection pool=payment size=64 in_use=15 wait_ms=99
2024-03-14 09:03:26.595 INFO cart-store [us-east-1] handled POST /v1/checkout order=ORD-769678 user=usr_1002 status=200 duration_ms=332
2024-03-14 09:03:27.220 DEBUG payment-client [ap-south-1] emitted metric checkout.latency value=214 region=eu-west-1
2024-03-14 09:03:27.991 DEBUG inventory [ap-south-1] emitted metric checkout.latency value=108 region=us-east-1
2024-03-14 09:03:28.603 DEBUG checkout-api [ap-south-1] acquired connection pool=payment size=64 in_use=20 wait_ms=295
2024-03-14 09:03:29.305 INFO cart-store [eu-west-1] cache hit key=cart:ORD-425305 ttl_remaining_s=235
2024-03-14 09:03:29.872 INFO cart-store [ap-south-1] charge accepted order=ORD-426327 amount_cents=18107 currency=USD gateway_ref=ch_4a9cb1c7036b
2024-03-14 09:03:30.500 DEBUG cart-store [eu-west-1] emitted metric checkout.latency value=210 region=ap-south-1
2024-03-14 09:03:31.085 INFO inventory [eu-west-1] cache hit key=cart:ORD-296282 ttl_remaining_s=193
2024-03-14 09:03:31.678 INFO checkout-api [us-east-1] charge accepted order=ORD-780755 amount_cents=531 currency=USD gateway_ref=ch_df83cf50f501
2024-03-14 09:03:32.496 INFO checkout-api [us-east-1] handled POST /v1/checkout order=ORD-182870 user=usr_6036 status=200 duration_ms=166
2024-03-14 09:03:33.043 INFO payment-client [ap-south-1] cache hit key=cart:ORD-636701 ttl_remaining_s=281
2024-03-14 09:03:33.426 INFO payment-client [eu-west-1] inventory reserved sku=SKU-8803 qty=3 order=ORD-524588
2024-03-14 09:03:34.031 INFO checkout-api [ap-south-1] inventory reserved sku=SKU-3240 qty=1 order=ORD-326153
2024-03-14 09:03:34.549 INFO inventory [ap-south-1] inventory reserved sku=SKU-8722 qty=2 order=ORD-336394
2024-03-14 09:03:34.717 INFO checkout-api [ap-south-1] handled POST /v1/checkout order=ORD-609604 user=usr_5266 status=200 duration_ms=24
2024-03-14 09:03:34.903 INFO payment-client [eu-west-1] inventory reserved sku=SKU-7036 qty=4 order=ORD-839471
2024-03-14 09:03:35.508 DEBUG cart-store [eu-west-1] emitted metric checkout.latency value=260 region=ap-south-1
2024-03-14 09:03:36.265 INFO checkout-api [us-east-1] cache hit key=cart:ORD-536601 ttl_remaining_s=47
2024-03-14 09:03:36.824 INFO inventory [us-east-1] inventory reserved sku=SKU-4468 qty=2 order=ORD-886916
2024-03-14 09:03:37.147 INFO checkout-api [eu-west-1] handled POST /v1/checkout order=ORD-919143 user=usr_7363 status=200 duration_ms=203
2024-03-14 09:03:37.672 INFO checkout-api [eu-west-1] inventory reserved sku=SKU-9557 qty=1 order=ORD-953167
2024-03-14 09:03:38.054 DEBUG inventory [us-east-1] emitted metric checkout.latency value=195 region=us-east-1
2024-03-14 09:03:38.254 INFO payment-client [ap-south-1] inventory reserved sku=SKU-5669 qty=3 order=ORD-428232
2024-03-14 09:03:39.141 DEBUG checkout-api [eu-west-1] acquired connection pool=payment size=64 in_use=10 wait_ms=89
2024-03-14 09:03:39.526 DEBUG payment-client [eu-west-1] emitted metric checkout.latency value=216 region=us-east-1
2024-03-14 09:03:40.087 INFO checkout-api [ap-south-1] cache hit key=cart:ORD-475177 ttl_remaining_s=180
2024-03-14 09:03:40.858 INFO payment-client [us-east-1] charge accepted order=ORD-190275 amount_cents=21656 currency=USD gateway_ref=ch_2dbed7f7ccc9
2024-03-14 09:03:41.026 INFO payment-client [us-east-1] cache hit key=cart:ORD-930647 ttl_remaining_s=60
2024-03-14 09:03:41.799 DEBUG cart-store [ap-south-1] acquired connection pool=payment size=64 in_use=36 wait_ms=43
2024-03-14 09:03:42.022 INFO checkout-api [us-east-1] handled POST /v1/checkout order=ORD-792260 user=usr_4834 status=200 duration_ms=149
2024-03-14 09:03:42.792 INFO checkout-api [us-east-1] handled GET /v1/cart/ORD-568903 user=usr_7327 status=200 duration_ms=179
2024-03-14 09:03:43.276 DEBUG checkout-api [eu-west-1] acquired connection pool=payment size=64 in_use=47 wait_ms=29
2024-03-14 09:03:43.691 DEBUG inventory [us-east-1] acquired connection pool=payment size=64 in_use=40 wait_ms=168
2024-03-14 09:03:44.104 INFO inventory [ap-south-1] handled GET /v1/cart/ORD-261036 user=usr_4300 status=200 duration_ms=30
2024-03-14 09:03:44.351 INFO cart-store [ap-south-1] handled GET /v1/cart/ORD-316095 user=usr_7952 status=200 duration_ms=188
2024-03-14 09:03:44.711 INFO payment-client [us-east-1] charge accepted order=ORD-566355 amount_cents=14916 currency=USD gateway_ref=ch_360df534276d
2024-03-14 09:03:44.847 INFO payment-client [us-east-1] handled GET /v1/cart/ORD-352682 user=usr_6167 status=200 duration_ms=139
2024-03-14 09:03:45.307 INFO cart-store [us-east-1] handled POST /v1/checkout order=ORD-941087 user=usr_1068 status=200 duration_ms=91
2024-03-14 09:03:45.674 INFO cart-store [eu-west-1] inventory reserved sku=SKU-1270 qty=4 order=ORD-436445
2024-03-14 09:03:45.968 INFO inventory [us-east-1] charge accepted order=ORD-108691 amount_cents=24624 currency=USD gateway_ref=ch_38c030b8d784
2024-03-14 09:03:46.694 INFO cart-store [eu-west-1] cache hit key=cart:ORD-299259 ttl_remaining_s=95
2024-03-14 09:03:47.176 INFO inventory [us-east-1] handled POST /v1/checkout order=ORD-360895 user=usr_6568 status=200 duration_ms=169
2024-03-14 09:03:47.820 DEBUG checkout-api [eu-west-1] acquired connection pool=payment size=64 in_use=46 wait_ms=265
2024-03-14 09:03:47.961 INFO cart-store [ap-south-1] inventory reserved sku=SKU-9020 qty=2 order=ORD-484140
2024-03-14 09:03:48.184 INFO cart-store [ap-south-1] cache hit key=cart:ORD-486416 ttl_remaining_s=221
2024-03-14 09:03:48.641 INFO checkout-api [eu-west-1] handled POST /v1/checkout order=ORD-905110 user=usr_6437 status=200 duration_ms=73
2024-03-14 09:03:48.878 INFO checkout-api [us-east-1] cache hit key=cart:ORD-460956 ttl_remaining_s=153
2024-03-14 09:03:49.465 INFO payment-client [us-east-1] inventory reserved sku=SKU-6274 qty=2 order=ORD-738094
2024-03-14 09:03:49.701 INFO payment-client [ap-south-1] charge accepted order=ORD-107620 amount_cents=9383 currency=USD gateway_ref=ch_3f510aa8d3bd
2024-03-14 09:03:50.276 INFO checkout-api [ap-south-1] handled POST /v1/checkout order=ORD-825982 user=usr_7222 status=200 duration_ms=54
2024-03-14 09:03:50.604 INFO payment-client [ap-south-1] inventory reserved sku=SKU-1173 qty=1 order=ORD-714075
2024-03-14 09:03:51.495 DEBUG checkout-api [ap-south-1] emitted metric checkout.latency value=18 region=us-east-1
2024-03-14 09:03:51.629 INFO checkout-api [ap-south-1] cache hit key=cart:ORD-749418 ttl_remaining_s=131
2024-03-14 09:03:52.217 INFO inventory [ap-south-1] handled GET /v1/cart/ORD-867993 user=usr_1950 status=200 duration_ms=298
2024-03-14 09:03:52.490 DEBUG payment-client [us-east-1] emitted metric checkout.latency value=332 region=us-east-1
2024-03-14 09:03:52.891 INFO payment-client [ap-south-1] handled POST /v1/checkout order=ORD-340517 user=usr_6124 status=200 duration_ms=150
2024-03-14 09:03:53.273 INFO checkout-api [eu-west-1] handled GET /v1/cart/ORD-133416 user=usr_9756 status=200 duration_ms=51
2024-03-14 09:03:53.444 DEBUG cart-store [eu-west-1] emitted metric checkout.latency value=159 region=eu-west-1
2024-03-14 09:03:53.595 INFO cart-store [us-east-1] handled GET /v1/cart/ORD-779939 user=usr_4819 status=200 duration_ms=281
2024-03-14 09:03:53.831 DEBUG cart-store [eu-west-1] emitted metric checkout.latency value=106 region=eu-west-1
2024-03-14 09:03:54.605 INFO cart-store [us-east-1] charge accepted order=ORD-217051 amount_cents=9854 currency=USD gateway_ref=ch_7344cd496505
2024-03-14 09:03:55.403 DEBUG checkout-api [ap-south-1] acquired connection pool=payment size=64 in_use=18 wait_ms=86
2024-03-14 09:03:56.299 INFO cart-store [ap-south-1] handled POST /v1/checkout order=ORD-394723 user=usr_6610 status=200 duration_ms=142
2024-03-14 09:03:57.171 INFO cart-store [ap-south-1] charge accepted order=ORD-891146 amount_cents=7016 currency=USD gateway_ref=ch_c73905c137b9
2024-03-14 09:03:57.786 DEBUG cart-store [eu-west-1] emitted metric checkout.latency value=216 region=us-east-1
2024-03-14 09:03:58.331 INFO checkout-api [ap-south-1] charge accepted order=ORD-747445 amount_cents=4330 currency=USD gateway_ref=ch_90395732fe60
2024-03-14 09:03:58.910 DEBUG checkout-api [eu-west-1] emitted metric checkout.latency value=30 region=eu-west-1
2024-03-14 09:03:59.776 DEBUG checkout-api [us-east-1] acquired connection pool=payment size=64 in_use=60 wait_ms=220
2024-03-14 09:04:00.056 INFO payment-client [ap-south-1] handled GET /v1/cart/ORD-698312 user=usr_4684 status=200 duration_ms=242
2024-03-14 09:04:00.889 INFO checkout-api [us-east-1] handled GET /v1/cart/ORD-425469 user=usr_3491 status=200 duration_ms=53
2024-03-14 09:04:01.275 DEBUG checkout-api [ap-south-1] emitted metric checkout.latency value=173 region=eu-west-1
2024-03-14 09:04:01.565 DEBUG cart-store [us-east-1] emitted metric checkout.latency value=214 region=ap-south-1
2024-03-14 09:04:01.811 INFO payment-client [ap-south-1] charge accepted order=ORD-901987 amount_cents=7053 currency=USD gateway_ref=ch_f456daa070e1
2024-03-14 09:04:02.288 INFO cart-store [eu-west-1] handled GET /v1/cart/ORD-817901 user=usr_5692 status=200 duration_ms=98
2024-03-14 09:04:02.738 INFO cart-store [eu-west-1] handled POST /v1/checkout order=ORD-174126 user=usr_1255 status=200 duration_ms=22
2024-03-14 09:04:03.335 INFO checkout-api [eu-west-1] charge accepted order=ORD-706312 amount_cents=8229 currency=USD gateway_ref=ch_4efc2d9f9b36
2024-03-14 09:04:03.549 INFO checkout-api [us-east-1] handled POST /v1/checkout order=ORD-329134 user=usr_4357 status=200 duration_ms=162
2024-03-14 09:04:04.059 INFO inventory [ap-south-1] inventory reserved sku=SKU-7553 qty=4 order=ORD-110350
2024-03-14 09:04:04.526 INFO inventory [eu-west-1] charge accepted order=ORD-492488 amount_cents=11206 currency=USD gateway_ref=ch_2a0d101878be
2024-03-14 09:04:05.283 DEBUG inventory [eu-west-1] emitted metric checkout.latency value=39 region=us-east-1
2024-03-14 09:04:05.728 INFO cart-store [eu-west-1] inventory reserved sku=SKU-6452 qty=3 order=ORD-255170
2024-03-14 09:04:06.358 DEBUG checkout-api [eu-west-1] acquired connection pool=payment size=64 in_use=36 wait_ms=327
2024-03-14 09:04:06.622 INFO cart-store [us-east-1] charge accepted order=ORD-186866 amount_cents=13180 currency=USD gateway_ref=ch_7cfd837b964f
2024-03-14 09:04:07.361 INFO cart-store [us-east-1] charge accepted order=ORD-988154 amount_cents=4669 currency=USD gateway_ref=ch_a934a800eafb
2024-03-14 09:04:07.716 INFO checkout-api [ap-south-1] handled GET /v1/cart/ORD-217751 user=usr_5032 status=200 duration_ms=233
2024-03-14 09:04:07.915 DEBUG payment-client [eu-west-1] acquired connection pool=payment size=64 in_use=5 wait_ms=52
2024-03-14 09:04:08.687 INFO payment-client [us-east-1] inventory reserved sku=SKU-3162 qty=1 order=ORD-667755
2024-03-14 09:04:09.533 INFO cart-store [eu-west-1] handled GET /v1/cart/ORD-942420 user=usr_5783 status=200 duration_ms=120
2024-03-14 09:04:09.996 INFO inventory [us-east-1] charge accepted order=ORD-140377 amount_cents=16034 currency=USD gateway_ref=ch_7a6419f7c4c6
2024-03-14 09:04:10.314 INFO checkout-api [us-east-1] cache hit key=cart:ORD-192310 ttl_remaining_s=118
2024-03-14 09:04:10.593 INFO checkout-api [eu-west-1] handled GET /v1/cart/ORD-237722 user=usr_4552 status=200 duration_ms=332
2024-03-14 09:04:11.412 INFO inventory [ap-south-1] handled GET /v1/cart/ORD-166082 user=usr_6875 status=200 duration_ms=198
2024-03-14 09:04:11.903 INFO payment-client [eu-west-1] handled POST /v1/checkout order=ORD-525758 user=usr_9310 status=200 duration_ms=226
2024-03-14 09:04:12.138 DEBUG checkout-api [us-east-1] emitted metric checkout.latency value=78 region=eu-west-1
2024-03-14 09:04:12.665 INFO inventory [us-east-1] charge accepted order=ORD-747787 amount_cents=9149 currency=USD gateway_ref=ch_5632cc727de9
2024-03-14 09:04:13.193 DEBUG payment-client [us-east-1] emitted metric checkout.latency value=129 region=us-east-1
2024-03-14 09:04:13.347 INFO payment-client [ap-south-1] charge accepted order=ORD-760914 amount_cents=24457 currency=USD gateway_ref=ch_7d01089c4e48
2024-03-14 09:04:13.623 DEBUG cart-store [eu-west-1] emitted metric checkout.latency value=88 region=us-east-1
2024-03-14 09:04:14.422 DEBUG payment-client [ap-south-1] emitted metric checkout.latency value=213 region=eu-west-1
2024-03-14 09:04:15.141 DEBUG payment-client [eu-west-1] acquired connection pool=payment size=64 in_use=25 wait_ms=153
2024-03-14 09:04:15.851 DEBUG inventory [eu-west-1] emitted metric checkout.latency value=147 region=ap-south-1
2024-03-14 09:04:16.603 INFO cart-store [ap-south-1] cache hit key=cart:ORD-980595 ttl_remaining_s=60
2024-03-14 09:04:16.951 DEBUG payment-client [eu-west-1] emitted metric checkout.latency value=272 region=ap-south-1
2024-03-14 09:04:17.522 INFO checkout-api [us-east-1] handled GET /v1/cart/ORD-507215 user=usr_3366 status=200 duration_ms=313
2024-03-14 09:04:17.712 DEBUG payment-client [us-east-1] emitted metric checkout.latency value=337 region=ap-south-1
2024-03-14 09:04:17.893 INFO inventory [us-east-1] inventory reserved sku=SKU-5572 qty=4 order=ORD-294936
2024-03-14 09:04:18.229 INFO payment-client [us-east-1] cache hit key=cart:ORD-374269 ttl_remaining_s=220
2024-03-14 09:04:18.817 INFO cart-store [us-east-1] cache hit key=cart:ORD-946312 ttl_remaining_s=151
2024-03-14 09:04:19.265 DEBUG payment-client [eu-west-1] emitted metric checkout.latency value=55 region=us-east-1
2024-03-14 09:04:19.595 INFO inventory [ap-south-1] inventory reserved sku=SKU-3952 qty=2 order=ORD-264172
2024-03-14 09:04:20.143 INFO payment-client [us-east-1] charge accepted order=ORD-292577 amount_cents=17066 currency=USD gateway_ref=ch_1a27e939c0f1
2024-03-14 09:04:20.725 INFO cart-store [ap-south-1] inventory reserved sku=SKU-9993 qty=4 order=ORD-972907
2024-03-14 09:04:20.948 INFO cart-store [us-east-1] handled POST /v1/checkout order=ORD-605341 user=usr_5075 status=200 duration_ms=221
2024-03-14 09:04:21.673 DEBUG inventory [ap-south-1] acquired connection pool=payment size=64 in_use=49 wait_ms=92
2024-03-14 09:04:22.519 INFO checkout-api [eu-west-1] handled POST /v1/checkout order=ORD-881230 user=usr_1478 status=200 duration_ms=340
2024-03-14 09:04:23.157 INFO cart-store [us-east-1] inventory reserved sku=SKU-2402 qty=4 order=ORD-719587
2024-03-14 09:04:23.575 INFO cart-store [eu-west-1] inventory reserved sku=SKU-8494 qty=4 order=ORD-554444
2024-03-14 09:04:23.895 INFO cart-store [us-east-1] handled GET /v1/cart/ORD-541503 user=usr_3087 status=200 duration_ms=206
2024-03-14 09:04:24.611 INFO payment-client [us-east-1] handled POST /v1/checkout order=ORD-582472 user=usr_3145 status=200 duration_ms=315
2024-03-14 09:04:24.739 DEBUG payment-client [us-east-1] acquired connection pool=payment size=64 in_use=52 wait_ms=210
2024-03-14 09:04:25.083 INFO inventory [us-east-1] inventory reserved sku=SKU-1464 qty=2 order=ORD-254550
2024-03-14 09:04:25.523 INFO payment-client [eu-west-1] handled POST /v1/checkout order=ORD-459384 user=usr_9442 status=200 duration_ms=121
2024-03-14 09:04:26.229 INFO inventory [us-east-1] charge accepted order=ORD-255683 amount_cents=18428 currency=USD gateway_ref=ch_846837ff8697
2024-03-14 09:04:26.438 INFO payment-client [us-east-1] handled GET /v1/cart/ORD-455549 user=usr_1151 status=200 duration_ms=55
2024-03-14 09:04:27.007 INFO cart-store [us-east-1] charge accepted order=ORD-821247 amount_cents=23843 currency=USD gateway_ref=ch_8e2af5dcac89
2024-03-14 09:04:27.708 INFO payment-client [eu-west-1] cache hit key=cart:ORD-157996 ttl_remaining_s=114
2024-03-14 09:04:27.839 INFO inventory [ap-south-1] handled GET /v1/cart/ORD-887362 user=usr_9109 status=200 duration_ms=244
2024-03-14 09:04:28.323 INFO payment-client [ap-south-1] handled GET /v1/cart/ORD-963726 user=usr_1452 status=200 duration_ms=123
2024-03-14 09:04:28.613 DEBUG checkout-api [ap-south-1] acquired connection pool=payment size=64 in_use=47 wait_ms=63
2024-03-14 09:04:29.277 DEBUG inventory [ap-south-1] acquired connection pool=payment size=64 in_use=47 wait_ms=159
2024-03-14 09:04:30.029 INFO payment-client [ap-south-1] cache hit key=cart:ORD-918009 ttl_remaining_s=155
2024-03-14 09:04:30.255 DEBUG cart-store [eu-west-1] acquired connection pool=payment size=64 in_use=32 wait_ms=308
2024-03-14 09:04:30.412 DEBUG payment-client [us-east-1] acquired connection pool=payment size=64 in_use=47 wait_ms=155
2024-03-14 09:04:30.972 DEBUG inventory [us-east-1] acquired connection pool=payment size=64 in_use=43 wait_ms=55
2024-03-14 09:04:31.332 INFO inventory [eu-west-1] inventory reserved sku=SKU-5848 qty=2 order=ORD-971163
2024-03-14 09:04:32.129 DEBUG cart-store [ap-south-1] acquired connection pool=payment size=64 in_use=51 wait_ms=285
2024-03-14 09:04:32.759 INFO checkout-api [ap-south-1] cache hit key=cart:ORD-610545 ttl_remaining_s=133
2024-03-14 09:04:33.060 INFO payment-client [ap-south-1] cache hit key=cart:ORD-656826 ttl_remaining_s=131
2024-03-14 09:04:33.553 INFO payment-client [us-east-1] cache hit key=cart:ORD-439516 ttl_remaining_s=75
2024-03-14 09:04:34.041 DEBUG payment-client [eu-west-1] acquired connection pool=payment size=64 in_use=56 wait_ms=220
2024-03-14 09:04:34.527 INFO checkout-api [ap-south-1] handled GET /v1/cart/ORD-733056 user=usr_2645 status=200 duration_ms=322
2024-03-14 09:04:35.257 INFO payment-client [ap-south-1] handled POST /v1/checkout order=ORD-428217 user=usr_4953 status=200 duration_ms=164
2024-03-14 09:04:36.032 INFO cart-store [eu-west-1] charge accepted order=ORD-709910 amount_cents=2881 currency=USD gateway_ref=ch_a1a2cc2c9154
2024-03-14 09:04:36.435 DEBUG checkout-api [eu-west-1] acquired connection pool=payment size=64 in_use=11 wait_ms=22
2024-03-14 09:04:36.812 DEBUG payment-client [us-east-1] acquired connection pool=payment size=64 in_use=16 wait_ms=172
2024-03-14 09:04:36.936 INFO checkout-api [us-east-1] cache hit key=cart:ORD-444707 ttl_remaining_s=80
2024-03-14 09:04:37.105 INFO inventory [us-east-1] inventory reserved sku=SKU-8925 qty=2 order=ORD-586545
2024-03-14 09:04:37.899 INFO payment-client [ap-south-1] handled GET /v1/cart/ORD-719718 user=usr_7314 status=200 duration_ms=54
2024-03-14 09:04:38.469 INFO cart-store [ap-south-1] handled POST /v1/checkout order=ORD-373093 user=usr_6423 status=200 duration_ms=155
2024-03-14 09:04:38.869 INFO cart-store [ap-south-1] cache hit key=cart:ORD-357282 ttl_remaining_s=92
2024-03-14 09:04:39.348 INFO checkout-api [ap-south-1] cache hit key=cart:ORD-599519 ttl_remaining_s=295
2024-03-14 09:04:40.193 INFO payment-client [ap-south-1] handled POST /v1/checkout order=ORD-348742 user=usr_6901 status=200 duration_ms=167
2024-03-14 09:04:41.049 INFO cart-store [eu-west-1] charge accepted order=ORD-770300 amount_cents=24024 currency=USD gateway_ref=ch_c9e938d0efbf
2024-03-14 09:04:41.598 INFO inventory [eu-west-1] cache hit key=cart:ORD-958936 ttl_remaining_s=35
2024-03-14 09:04:41.718 DEBUG checkout-api [ap-south-1] emitted metric checkout.latency value=250 region=ap-south-1
2024-03-14 09:04:42.101 INFO checkout-api [us-east-1] cache hit key=cart:ORD-613942 ttl_remaining_s=152
2024-03-14 09:04:42.763 INFO inventory [eu-west-1] cache hit key=cart:ORD-888605 ttl_remaining_s=175
2024-03-14 09:04:43.374 INFO inventory [eu-west-1] handled POST /v1/checkout order=ORD-556081 user=usr_2057 status=200 duration_ms=262
2024-03-14 09:04:43.980 DEBUG checkout-api [ap-south-1] acquired connection pool=payment size=64 in_use=52 wait_ms=117
2024-03-14 09:04:44.139 INFO checkout-api [eu-west-1] inventory reserved sku=SKU-9995 qty=4 order=ORD-491850
2024-03-14 09:04:44.983 INFO payment-client [eu-west-1] charge accepted order=ORD-448403 amount_cents=24835 currency=USD gateway_ref=ch_395b38fcdf74
2024-03-14 09:04:45.369 INFO cart-store [eu-west-1] cache hit key=cart:ORD-875657 ttl_remaining_s=245
2024-03-14 09:04:45.900 INFO checkout-api [ap-south-1] handled GET /v1/cart/ORD-799923 user=usr_8949 status=200 duration_ms=121
2024-03-14 09:04:46.298 INFO checkout-api [us-east-1] inventory reserved sku=SKU-6299 qty=2 order=ORD-224212
2024-03-14 09:04:46.422 DEBUG cart-store [ap-south-1] acquired connection pool=payment size=64 in_use=59 wait_ms=23
2024-03-14 09:04:47.256 DEBUG checkout-api [eu-west-1] emitted metric checkout.latency value=92 region=eu-west-1
2024-03-14 09:04:47.896 INFO cart-store [eu-west-1] handled POST /v1/checkout order=ORD-386868 user=usr_6843 status=200 duration_ms=316
2024-03-14 09:04:48.095 INFO inventory [ap-south-1] handled POST /v1/checkout order=ORD-655724 user=usr_8045 status=200 duration_ms=338
2024-03-14 09:04:48.772 DEBUG cart-store [eu-west-1] acquired connection pool=payment size=64 in_use=30 wait_ms=159
2024-03-14 09:04:49.382 DEBUG checkout-api [us-east-1] acquired connection pool=payment size=64 in_use=39 wait_ms=116
2024-03-14 09:04:49.886 DEBUG inventory [eu-west-1] emitted metric checkout.latency value=134 region=eu-west-1
2024-03-14 09:04:50.485 INFO checkout-api [us-east-1] charge accepted order=ORD-495802 amount_cents=17422 currency=USD gateway_ref=ch_f8bbd6ec54f2
2024-03-14 09:04:51.031 INFO payment-client [us-east-1] cache hit key=cart:ORD-394707 ttl_remaining_s=144
2024-03-14 09:04:51.500 INFO payment-client [eu-west-1] handled GET /v1/cart/ORD-564016 user=usr_7350 status=200 duration_ms=24
2024-03-14 09:04:52.362 INFO payment-client [eu-west-1] handled GET /v1/cart/ORD-781143 user=usr_3994 status=200 duration_ms=174
2024-03-14 09:04:53.050 INFO payment-client [us-east-1] handled POST /v1/checkout order=ORD-213993 user=usr_8961 status=200 duration_ms=324
2024-03-14 09:04:53.252 DEBUG checkout-api [us-east-1] acquired connection pool=payment size=64 in_use=41 wait_ms=330
2024-03-14 09:04:53.918 INFO checkout-api [us-east-1] handled POST /v1/checkout order=ORD-336326 user=usr_7524 status=200 duration_ms=155
2024-03-14 09:04:54.757 INFO cart-store [us-east-1] handled GET /v1/cart/ORD-297802 user=usr_1750 status=200 duration_ms=310
2024-03-14 09:04:55.095 INFO payment-client [ap-south-1] handled GET /v1/cart/ORD-681099 user=usr_5414 status=200 duration_ms=152
2024-03-14 09:04:55.596 DEBUG inventory [ap-south-1] acquired connection pool=payment size=64 in_use=46 wait_ms=292
2024-03-14 09:04:56.416 INFO payment-client [eu-west-1] handled GET /v1/cart/ORD-328323 user=usr_3427 status=200 duration_ms=35
2024-03-14 09:04:56.952 INFO checkout-api [ap-south-1] handled GET /v1/cart/ORD-339383 user=usr_5983 status=200 duration_ms=183
2024-03-14 09:04:57.752 DEBUG payment-client [ap-south-1] acquired connection pool=payment size=64 in_use=12 wait_ms=32
2024-03-14 09:04:58.298 DEBUG cart-store [ap-south-1] emitted metric checkout.latency value=251 region=us-east-1
2024-03-14 09:04:58.956 INFO cart-store [us-east-1] handled POST /v1/checkout order=ORD-213296 user=usr_7799 status=200 duration_ms=152
2024-03-14 09:04:59.461 INFO checkout-api [eu-west-1] handled POST /v1/checkout order=ORD-979461 user=usr_5621 status=200 duration_ms=302
2024-03-14 09:05:00.250 INFO checkout-api [eu-west-1] charge accepted order=ORD-318693 amount_cents=22385 currency=USD gateway_ref=ch_49791edb48d1
2024-03-14 09:05:00.516 DEBUG inventory [us-east-1] emitted metric checkout.latency value=207 region=us-east-1
2024-03-14 09:05:00.767 INFO payment-client [eu-west-1] charge accepted order=ORD-706078 amount_cents=5378 currency=USD gateway_ref=ch_b58b79cac490
2024-03-14 09:05:00.956 DEBUG checkout-api [ap-south-1] emitted metric checkout.latency value=284 region=ap-south-1
2024-03-14 09:05:01.223 INFO inventory [us-east-1] charge accepted order=ORD-437153 amount_cents=5820 currency=USD gateway_ref=ch_d5b2754d86db
2024-03-14 09:05:01.535 DEBUG inventory [ap-south-1] acquired connection pool=payment size=64 in_use=29 wait_ms=71
2024-03-14 09:05:01.799 INFO cart-store [us-east-1] handled GET /v1/cart/ORD-243215 user=usr_7363 status=200 duration_ms=189
2024-03-14 09:05:02.459 INFO payment-client [us-east-1] handled GET /v1/cart/ORD-432350 user=usr_8306 status=200 duration_ms=60
2024-03-14 09:05:03.078 INFO checkout-api [eu-west-1] charge accepted order=ORD-200111 amount_cents=10189 currency=USD gateway_ref=ch_ad820fa4aa61
2024-03-14 09:05:03.360 INFO checkout-api [us-east-1] cache hit key=cart:ORD-932027 ttl_remaining_s=282
2024-03-14 09:05:03.735 INFO cart-store [eu-west-1] inventory reserved sku=SKU-1208 qty=1 order=ORD-202043
2024-03-14 09:05:04.097 DEBUG checkout-api [us-east-1] acquired connection pool=payment size=64 in_use=31 wait_ms=281
2024-03-14 09:05:04.412 DEBUG cart-store [us-east-1] acquired connection pool=payment size=64 in_use=51 wait_ms=285
2024-03-14 09:05:04.968 DEBUG checkout-api [ap-south-1] emitted metric checkout.latency value=79 region=us-east-1
2024-03-14 09:05:05.289 INFO cart-store [us-east-1] charge accepted order=ORD-811342 amount_cents=21808 currency=USD gateway_ref=ch_107538c13307
2024-03-14 09:05:05.894 INFO cart-store [ap-south-1] inventory reserved sku=SKU-1101 qty=3 order=ORD-933073
2024-03-14 09:05:06.047 INFO payment-client [eu-west-1] cache hit key=cart:ORD-139963 ttl_remaining_s=143
2024-03-14 09:05:06.462 INFO inventory [ap-south-1] handled GET /v1/cart/ORD-378593 user=usr_5911 status=200 duration_ms=311
2024-03-14 09:05:07.281 DEBUG cart-store [us-east-1] acquired connection pool=payment size=64 in_use=16 wait_ms=336
2024-03-14 09:05:07.837 INFO inventory [eu-west-1] cache hit key=cart:ORD-713594 ttl_remaining_s=80
2024-03-14 09:05:08.718 INFO payment-client [eu-west-1] charge accepted order=ORD-531868 amount_cents=5230 currency=USD gateway_ref=ch_6f4045853163
2024-03-14 09:05:09.155 INFO payment-client [us-east-1] handled GET /v1/cart/ORD-912679 user=usr_4460 status=200 duration_ms=62
2024-03-14 09:05:09.528 DEBUG inventory [us-east-1] emitted metric checkout.latency value=56 region=us-east-1
2024-03-14 09:05:09.913 DEBUG cart-store [us-east-1] acquired connection pool=payment size=64 in_use=25 wait_ms=38
2024-03-14 09:05:10.618 DEBUG payment-client [eu-west-1] acquired connection pool=payment size=64 in_use=43 wait_ms=206
2024-03-14 09:05:11.477 DEBUG payment-client [ap-south-1] emitted metric checkout.latency value=148 region=eu-west-1
2024-03-14 09:05:11.720 INFO cart-store [ap-south-1] handled POST /v1/checkout order=ORD-782407 user=usr_7236 status=200 duration_ms=167
2024-03-14 09:05:12.033 DEBUG payment-client [us-east-1] acquired connection pool=payment size=64 in_use=36 wait_ms=220
2024-03-14 09:05:12.723 INFO inventory [eu-west-1] handled GET /v1/cart/ORD-496177 user=usr_3088 status=200 duration_ms=39
2024-03-14 09:05:12.865 INFO inventory [eu-west-1] handled POST /v1/checkout order=ORD-350221 user=usr_1974 status=200 duration_ms=126
2024-03-14 09:05:13.561 INFO checkout-api [us-east-1] handled GET /v1/cart/ORD-101473 user=usr_6298 status=200 duration_ms=80
2024-03-14 09:05:14.291 DEBUG inventory [eu-west-1] acquired connection pool=payment size=64 in_use=52 wait_ms=225
2024-03-14 09:05:15.054 INFO checkout-api [us-east-1] inventory reserved sku=SKU-3666 qty=1 order=ORD-795265
2024-03-14 09:05:15.239 INFO checkout-api [ap-south-1] inventory reserved sku=SKU-6338 qty=2 order=ORD-778493
2024-03-14 09:05:16.040 DEBUG payment-client [eu-west-1] acquired connection pool=payment size=64 in_use=40 wait_ms=48
2024-03-14 09:05:16.658 DEBUG inventory [us-east-1] acquired connection pool=payment size=64 in_use=33 wait_ms=295
2024-03-14 09:05:17.307 INFO inventory [ap-south-1] handled GET /v1/cart/ORD-863967 user=usr_5835 status=200 duration_ms=185
2024-03-14 09:05:17.868 INFO inventory [us-east-1] charge accepted order=ORD-586113 amount_cents=10153 currency=USD gateway_ref=ch_9623df4c64bf
2024-03-14 09:05:18.679 DEBUG checkout-api [eu-west-1] emitted metric checkout.latency value=223 region=ap-south-1
2024-03-14 09:05:19.323 DEBUG checkout-api [eu-west-1] emitted metric checkout.latency value=160 region=us-east-1
2024-03-14 09:05:20.026 INFO inventory [ap-south-1] inventory reserved sku=SKU-3803 qty=2 order=ORD-451424
2024-03-14 09:05:20.255 INFO inventory [ap-south-1] cache hit key=cart:ORD-443191 ttl_remaining_s=62
2024-03-14 09:05:20.837 INFO checkout-api [us-east-1] handled POST /v1/checkout order=ORD-194912 user=usr_3087 status=200 duration_ms=46
2024-03-14 09:05:21.545 INFO checkout-api [us-east-1] inventory reserved sku=SKU-9930 qty=3 order=ORD-586168
2024-03-14 09:05:21.917 INFO payment-client [us-east-1] handled GET /v1/cart/ORD-700205 user=usr_8131 status=200 duration_ms=320
2024-03-14 09:05:22.162 DEBUG checkout-api [ap-south-1] acquired connection pool=payment size=64 in_use=51 wait_ms=235
2024-03-14 09:05:22.618 INFO inventory [us-east-1] inventory reserved sku=SKU-3222 qty=4 order=ORD-152394
2024-03-14 09:05:23.091 DEBUG payment-client [ap-south-1] emitted metric checkout.latency value=242 region=us-east-1
2024-03-14 09:05:23.597 INFO payment-client [ap-south-1] charge accepted order=ORD-913673 amount_cents=5113 currency=USD gateway_ref=ch_eecbebd10e74
2024-03-14 09:05:23.778 DEBUG cart-store [eu-west-1] emitted metric checkout.latency value=160 region=ap-south-1
2024-03-14 09:05:24.595 INFO checkout-api [us-east-1] cache hit key=cart:ORD-320238 ttl_remaining_s=173
2024-03-14 09:05:24.806 INFO inventory [ap-south-1] inventory reserved sku=SKU-8086 qty=1 order=ORD-701151
2024-03-14 09:05:25.702 INFO checkout-api [eu-west-1] inventory reserved sku=SKU-9003 qty=4 order=ORD-657678
2024-03-14 09:05:26.375 INFO cart-store [ap-south-1] inventory reserved sku=SKU-6715 qty=3 order=ORD-290940
2024-03-14 09:05:26.865 INFO checkout-api [us-east-1] handled GET /v1/cart/ORD-607663 user=usr_2253 status=200 duration_ms=225
2024-03-14 09:05:27.146 DEBUG inventory [ap-south-1] emitted metric checkout.latency value=264 region=us-east-1
2024-03-14 09:05:27.842 INFO payment-client [us-east-1] charge accepted order=ORD-174525 amount_cents=19497 currency=USD gateway_ref=ch_2d1143b36c3a
2024-03-14 09:05:28.616 DEBUG cart-store [ap-south-1] acquired connection pool=payment size=64 in_use=10 wait_ms=324
2024-03-14 09:05:29.131 INFO inventory [us-east-1] charge accepted order=ORD-161348 amount_cents=24980 currency=USD gateway_ref=ch_e903936dc0ee
2024-03-14 09:05:29.550 INFO payment-client [us-east-1] inventory reserved sku=SKU-3848 qty=4 order=ORD-759281
2024-03-14 09:05:30.075 INFO cart-store [eu-west-1] inventory reserved sku=SKU-4412 qty=4 order=ORD-999656
2024-03-14 09:05:30.914 INFO checkout-api [us-east-1] handled GET /v1/cart/ORD-857925 user=usr_2557 status=200 duration_ms=189
2024-03-14 09:05:31.130 INFO payment-client [us-east-1] cache hit key=cart:ORD-690164 ttl_remaining_s=133
2024-03-14 09:05:31.984 INFO payment-client [ap-south-1] charge accepted order=ORD-332941 amount_cents=24746 currency=USD gateway_ref=ch_f460ba094187
2024-03-14 09:05:32.511 INFO inventory [eu-west-1] handled GET /v1/cart/ORD-701624 user=usr_3111 status=200 duration_ms=302
2024-03-14 09:05:32.821 INFO payment-client [us-east-1] inventory reserved sku=SKU-1756 qty=1 order=ORD-183598
2024-03-14 09:05:33.019 INFO checkout-api [eu-west-1] cache hit key=cart:ORD-861420 ttl_remaining_s=22
2024-03-14 09:05:33.744 INFO inventory [eu-west-1] handled GET /v1/cart/ORD-395508 user=usr_8371 status=200 duration_ms=40
2024-03-14 09:05:34.045 DEBUG inventory [us-east-1] acquired connection pool=payment size=64 in_use=39 wait_ms=311
2024-03-14 09:05:34.797 INFO cart-store [us-east-1] cache hit key=cart:ORD-913792 ttl_remaining_s=71
2024-03-14 09:05:34.992 DEBUG payment-client [eu-west-1] acquired connection pool=payment size=64 in_use=27 wait_ms=119
2024-03-14 09:05:35.168 DEBUG payment-client [eu-west-1] acquired connection pool=payment size=64 in_use=23 wait_ms=238
2024-03-14 09:05:35.884 INFO checkout-api [eu-west-1] charge accepted order=ORD-282818 amount_cents=642 currency=USD gateway_ref=ch_6017929dfcab
2024-03-14 09:05:36.062 INFO inventory [us-east-1] handled POST /v1/checkout order=ORD-127675 user=usr_3192 status=200 duration_ms=148
2024-03-14 09:05:36.221 DEBUG inventory [eu-west-1] emitted metric checkout.latency value=307 region=ap-south-1
2024-03-14 09:05:36.566 INFO checkout-api [eu-west-1] handled POST /v1/checkout order=ORD-145281 user=usr_9781 status=200 duration_ms=268
2024-03-14 09:05:37.105 INFO inventory [ap-south-1] cache hit key=cart:ORD-568137 ttl_remaining_s=242
2024-03-14 09:05:37.238 INFO cart-store [eu-west-1] handled GET /v1/cart/ORD-982953 user=usr_3943 status=200 duration_ms=282
2024-03-14 09:05:37.712 INFO cart-store [us-east-1] inventory reserved sku=SKU-4358 qty=2 order=ORD-472811
2024-03-14 09:05:38.139 INFO cart-store [eu-west-1] inventory reserved sku=SKU-5661 qty=4 order=ORD-166857
2024-03-14 09:05:38.714 DEBUG cart-store [ap-south-1] emitted metric checkout.latency value=95 region=eu-west-1
2024-03-14 09:05:39.008 DEBUG checkout-api [eu-west-1] emitted metric checkout.latency value=111 region=ap-south-1
2024-03-14 09:05:39.366 INFO inventory [us-east-1] charge accepted order=ORD-585743 amount_cents=9097 currency=USD gateway_ref=ch_c1f94c232a49
2024-03-14 09:05:40.263 INFO inventory [ap-south-1] handled GET /v1/cart/ORD-229310 user=usr_5972 status=200 duration_ms=239
2024-03-14 09:05:40.497 DEBUG checkout-api [us-east-1] emitted metric checkout.latency value=171 region=us-east-1
2024-03-14 09:05:41.023 DEBUG payment-client [ap-south-1] acquired connection pool=payment size=64 in_use=34 wait_ms=233
2024-03-14 09:05:41.507 INFO cart-store [ap-south-1] charge accepted order=ORD-329586 amount_cents=5000 currency=USD gateway_ref=ch_41f5eb1489fe
2024-03-14 09:05:41.944 INFO checkout-api [ap-south-1] cache hit key=cart:ORD-369495 ttl_remaining_s=208
2024-03-14 09:05:42.658 INFO payment-client [ap-south-1] charge accepted order=ORD-107523 amount_cents=5472 currency=USD gateway_ref=ch_0d1542ba0ce0
2024-03-14 09:05:43.479 INFO payment-client [ap-south-1] inventory reserved sku=SKU-5485 qty=3 order=ORD-445519
2024-03-14 09:05:43.837 DEBUG cart-store [eu-west-1] emitted metric checkout.latency value=78 region=us-east-1
2024-03-14 09:05:44.095 INFO payment-client [us-east-1] cache hit key=cart:ORD-834636 ttl_remaining_s=176
2024-03-14 09:05:44.502 DEBUG checkout-api [ap-south-1] acquired connection pool=payment size=64 in_use=43 wait_ms=134
2024-03-14 09:05:44.775 DEBUG cart-store [eu-west-1] acquired connection pool=payment size=64 in_use=42 wait_ms=246
2024-03-14 09:05:45.180 INFO inventory [ap-south-1] charge accepted order=ORD-805089 amount_cents=21155 currency=USD gateway_ref=ch_71d6c74355a2
2024-03-14 09:05:45.586 DEBUG checkout-api [us-east-1] acquired connection pool=payment size=64 in_use=14 wait_ms=245
2024-03-14 09:05:46.086 INFO inventory [us-east-1] inventory reserved sku=SKU-6429 qty=1 order=ORD-465957
2024-03-14 09:05:46.743 INFO inventory [us-east-1] inventory reserved sku=SKU-7001 qty=1 order=ORD-441676
2024-03-14 09:05:47.069 DEBUG inventory [ap-south-1] emitted metric checkout.latency value=279 region=ap-south-1
2024-03-14 09:05:47.426 INFO cart-store [ap-south-1] handled GET /v1/cart/ORD-935520 user=usr_6122 status=200 duration_ms=195
2024-03-14 09:05:47.755 INFO payment-client [us-east-1] charge accepted order=ORD-222262 amount_cents=23722 currency=USD gateway_ref=ch_0da0538a3663
2024-03-14 09:05:48.217 INFO inventory [eu-west-1] charge accepted order=ORD-860686 amount_cents=21694 currency=USD gateway_ref=ch_cf1259034421
2024-03-14 09:05:48.442 INFO inventory [us-east-1] handled GET /v1/cart/ORD-127904 user=usr_7276 status=200 duration_ms=127
2024-03-14 09:05:48.657 DEBUG payment-client [ap-south-1] emitted metric checkout.latency value=248 region=us-east-1
2024-03-14 09:05:49.059 INFO payment-client [eu-west-1] inventory reserved sku=SKU-6651 qty=3 order=ORD-396078
2024-03-14 09:05:49.520 DEBUG checkout-api [us-east-1] acquired connection pool=payment size=64 in_use=11 wait_ms=64
2024-03-14 09:05:49.702 INFO inventory [ap-south-1] handled POST /v1/checkout order=ORD-641735 user=usr_6007 status=200 duration_ms=108
2024-03-14 09:05:50.110 DEBUG cart-store [eu-west-1] emitted metric checkout.latency value=265 region=us-east-1
2024-03-14 09:05:50.977 INFO inventory [eu-west-1] handled GET /v1/cart/ORD-810255 user=usr_4631 status=200 duration_ms=315
2024-03-14 09:05:51.340 DEBUG inventory [eu-west-1] emitted metric checkout.latency value=60 region=ap-south-1
2024-03-14 09:05:51.869 INFO cart-store [eu-west-1] inventory reserved sku=SKU-4821 qty=3 order=ORD-901159
2024-03-14 09:05:52.095 INFO checkout-api [ap-south-1] inventory reserved sku=SKU-4487 qty=4 order=ORD-245214
2024-03-14 09:05:52.589 INFO cart-store [eu-west-1] cache hit key=cart:ORD-549473 ttl_remaining_s=223
2024-03-14 09:05:53.237 INFO payment-client [eu-west-1] charge accepted order=ORD-591840 amount_cents=23350 currency=USD gateway_ref=ch_412439b2e645
2024-03-14 09:05:53.453 INFO checkout-api [eu-west-1] handled GET /v1/cart/ORD-895785 user=usr_2361 status=200 duration_ms=43
2024-03-14 09:05:53.670 INFO payment-client [ap-south-1] handled POST /v1/checkout order=ORD-460467 user=usr_2460 status=200 duration_ms=203
2024-03-14 09:05:53.806 DEBUG cart-store [ap-south-1] acquired connection pool=payment size=64 in_use=12 wait_ms=145
2024-03-14 09:05:53.959 INFO checkout-api [us-east-1] charge accepted order=ORD-145624 amount_cents=10872 currency=USD gateway_ref=ch_ddc2f051b0d6
2024-03-14 09:05:54.489 DEBUG inventory [us-east-1] acquired connection pool=payment size=64 in_use=9 wait_ms=94
2024-03-14 09:05:54.896 DEBUG payment-client [ap-south-1] emitted metric checkout.latency value=165 region=ap-south-1
2024-03-14 09:05:55.637 INFO payment-client [ap-south-1] cache hit key=cart:ORD-280917 ttl_remaining_s=26
2024-03-14 09:05:55.820 DEBUG inventory [us-east-1] emitted metric checkout.latency value=251 region=ap-south-1
2024-03-14 09:05:56.327 INFO inventory [us-east-1] charge accepted order=ORD-794249 amount_cents=19056 currency=USD gateway_ref=ch_3239b5ed04ae
2024-03-14 09:05:56.796 DEBUG cart-store [us-east-1] acquired connection pool=payment size=64 in_use=1 wait_ms=137
2024-03-14 09:05:56.980 DEBUG checkout-api [ap-south-1] acquired connection pool=payment size=64 in_use=42 wait_ms=115
2024-03-14 09:05:57.255 INFO cart-store [us-east-1] cache hit key=cart:ORD-751283 ttl_remaining_s=244
2024-03-14 09:05:57.569 INFO checkout-api [us-east-1] cache hit key=cart:ORD-611273 ttl_remaining_s=213
2024-03-14 09:05:58.257 INFO inventory [us-east-1] handled GET /v1/cart/ORD-951948 user=usr_4919 status=200 duration_ms=269
2024-03-14 09:05:58.628 INFO cart-store [ap-south-1] charge accepted order=ORD-448465 amount_cents=12232 currency=USD gateway_ref=ch_97cc3c2465d2
2024-03-14 09:05:59.007 INFO cart-store [us-east-1] cache hit key=cart:ORD-799636 ttl_remaining_s=232
2024-03-14 09:05:59.386 DEBUG cart-store [eu-west-1] emitted metric checkout.latency value=115 region=eu-west-1
2024-03-14 09:05:59.591 INFO cart-store [us-east-1] handled GET /v1/cart/ORD-533418 user=usr_8737 status=200 duration_ms=275
2024-03-14 09:06:00.048 INFO cart-store [ap-south-1] handled POST /v1/checkout order=ORD-880156 user=usr_6375 status=200 duration_ms=194
2024-03-14 09:06:00.639 DEBUG inventory [eu-west-1] acquired connection pool=payment size=64 in_use=31 wait_ms=168
2024-03-14 09:06:01.158 INFO payment-client [eu-west-1] inventory reserved sku=SKU-6232 qty=1 order=ORD-445119
2024-03-14 09:06:01.585 INFO payment-client [us-east-1] inventory reserved sku=SKU-2854 qty=4 order=ORD-478340
2024-03-14 09:06:01.927 DEBUG cart-store [ap-south-1] acquired connection pool=payment size=64 in_use=37 wait_ms=296
2024-03-14 09:06:02.653 INFO payment-client [us-east-1] inventory reserved sku=SKU-2890 qty=2 order=ORD-614830
2024-03-14 09:06:02.883 INFO inventory [ap-south-1] charge accepted order=ORD-141234 amount_cents=23707 currency=USD gateway_ref=ch_d0d5298090ad
2024-03-14 09:06:03.065 DEBUG checkout-api [eu-west-1] emitted metric checkout.latency value=170 region=us-east-1
2024-03-14 09:06:03.831 INFO cart-store [ap-south-1] handled POST /v1/checkout order=ORD-150035 user=usr_3803 status=200 duration_ms=204
2024-03-14 09:06:04.104 INFO checkout-api [ap-south-1] charge accepted order=ORD-923047 amount_cents=11336 currency=USD gateway_ref=ch_fce42e038d9a
2024-03-14 09:06:04.738 INFO inventory [ap-south-1] inventory reserved sku=SKU-8906 qty=3 order=ORD-597991
2024-03-14 09:06:05.143 INFO checkout-api [us-east-1] cache hit key=cart:ORD-242418 ttl_remaining_s=297
2024-03-14 09:06:06.001 INFO payment-client [ap-south-1] cache hit key=cart:ORD-871636 ttl_remaining_s=47
2024-03-14 09:06:06.737 DEBUG cart-store [ap-south-1] acquired connection pool=payment size=64 in_use=17 wait_ms=212
2024-03-14 09:06:07.203 DEBUG cart-store [us-east-1] acquired connection pool=payment size=64 in_use=46 wait_ms=69
2024-03-14 09:06:07.758 DEBUG cart-store [us-east-1] acquired connection pool=payment size=64 in_use=47 wait_ms=66
2024-03-14 09:06:08.145 INFO cart-store [eu-west-1] inventory reserved sku=SKU-9157 qty=1 order=ORD-662495
2024-03-14 09:06:08.768 INFO checkout-api [eu-west-1] handled POST /v1/checkout order=ORD-934419 user=usr_9609 status=200 duration_ms=321
2024-03-14 09:06:09.204 INFO cart-store [eu-west-1] charge accepted order=ORD-669846 amount_cents=5111 currency=USD gateway_ref=ch_738750ea0d9a
2024-03-14 09:06:09.571 INFO checkout-api [us-east-1] cache hit key=cart:ORD-767225 ttl_remaining_s=231
2024-03-14 09:06:10.191 INFO checkout-api [us-east-1] charge accepted order=ORD-721426 amount_cents=8873 currency=USD gateway_ref=ch_6c44ca4cacd5
2024-03-14 09:06:11.025 INFO cart-store [us-east-1] handled POST /v1/checkout order=ORD-462873 user=usr_9261 status=200 duration_ms=94
2024-03-14 09:06:11.920 INFO checkout-api [ap-south-1] cache hit key=cart:ORD-139852 ttl_remaining_s=63
2024-03-14 09:06:12.411 INFO payment-client [us-east-1] handled POST /v1/checkout order=ORD-400590 user=usr_1567 status=200 duration_ms=98
2024-03-14 09:06:13.104 DEBUG cart-store [ap-south-1] acquired connection pool=payment size=64 in_use=54 wait_ms=71
2024-03-14 09:06:13.862 INFO payment-client [ap-south-1] inventory reserved sku=SKU-2307 qty=4 order=ORD-278624
2024-03-14 09:06:14.690 INFO inventory [ap-south-1] inventory reserved sku=SKU-6706 qty=1 order=ORD-909350
2024-03-14 09:06:15.074 INFO inventory [ap-south-1] inventory reserved sku=SKU-1173 qty=3 order=ORD-457288
2024-03-14 09:06:15.311 DEBUG payment-client [eu-west-1] acquired connection pool=payment size=64 in_use=54 wait_ms=282
2024-03-14 09:06:15.532 DEBUG checkout-api [eu-west-1] emitted metric checkout.latency value=35 region=ap-south-1
2024-03-14 09:06:15.958 DEBUG inventory [ap-south-1] emitted metric checkout.latency value=261 region=us-east-1
2024-03-14 09:06:16.281 INFO inventory [us-east-1] charge accepted order=ORD-389591 amount_cents=4148 currency=USD gateway_ref=ch_e8e68734ebba
2024-03-14 09:06:16.659 DEBUG checkout-api [ap-south-1] acquired connection pool=payment size=64 in_use=43 wait_ms=254
2024-03-14 09:06:17.358 INFO checkout-api [ap-south-1] handled GET /v1/cart/ORD-121380 user=usr_7665 status=200 duration_ms=239
2024-03-14 09:06:17.916 INFO checkout-api [us-east-1] cache hit key=cart:ORD-878989 ttl_remaining_s=245
2024-03-14 09:06:18.656 DEBUG cart-store [us-east-1] acquired connection pool=payment size=64 in_use=59 wait_ms=337
2024-03-14 09:06:19.494 INFO inventory [ap-south-1] cache hit key=cart:ORD-301740 ttl_remaining_s=223
2024-03-14 09:06:20.335 DEBUG checkout-api [ap-south-1] emitted metric checkout.latency value=227 region=ap-south-1
2024-03-14 09:06:20.755 INFO checkout-api [us-east-1] cache hit key=cart:ORD-480680 ttl_remaining_s=85
2024-03-14 09:06:21.497 INFO payment-client [eu-west-1] handled POST /v1/checkout order=ORD-319260 user=usr_5580 status=200 duration_ms=107
2024-03-14 09:06:21.893 INFO inventory [eu-west-1] charge accepted order=ORD-421374 amount_cents=11364 currency=USD gateway_ref=ch_0624f7b8260e
2024-03-14 09:06:22.709 INFO checkout-api [eu-west-1] charge accepted order=ORD-565089 amount_cents=13203 currency=USD gateway_ref=ch_b159abf08a81
2024-03-14 09:06:23.037 INFO payment-client [ap-south-1] inventory reserved sku=SKU-5763 qty=1 order=ORD-107356
2024-03-14 09:06:23.723 INFO cart-store [eu-west-1] charge accepted order=ORD-940966 amount_cents=4675 currency=USD gateway_ref=ch_d741134343dd
2024-03-14 09:06:24.056 INFO payment-client [ap-south-1] charge accepted order=ORD-393878 amount_cents=17906 currency=USD gateway_ref=ch_0841c27f0f0c
2024-03-14 09:06:24.660 INFO payment-client [eu-west-1] handled POST /v1/checkout order=ORD-921399 user=usr_6160 status=200 duration_ms=197
2024-03-14 09:06:25.423 INFO checkout-api [us-east-1] handled POST /v1/checkout order=ORD-776344 user=usr_4551 status=200 duration_ms=139
2024-03-14 09:06:25.568 INFO payment-client [us-east-1] handled GET /v1/cart/ORD-232421 user=usr_7260 status=200 duration_ms=271
2024-03-14 09:06:26.049 INFO payment-client [us-east-1] inventory reserved sku=SKU-8315 qty=1 order=ORD-109792
2024-03-14 09:06:26.504 INFO inventory [us-east-1] handled POST /v1/checkout order=ORD-308095 user=usr_3840 status=200 duration_ms=34
2024-03-14 09:06:27.333 DEBUG payment-client [eu-west-1] acquired connection pool=payment size=64 in_use=2 wait_ms=184
2024-03-14 09:06:27.498 INFO cart-store [eu-west-1] handled GET /v1/cart/ORD-516681 user=usr_7357 status=200 duration_ms=104
2024-03-14 09:06:28.364 INFO cart-store [ap-south-1] handled POST /v1/checkout order=ORD-881420 user=usr_3812 status=200 duration_ms=292
2024-03-14 09:06:28.832 INFO checkout-api [us-east-1] handled POST /v1/checkout order=ORD-670457 user=usr_2757 status=200 duration_ms=79
2024-03-14 09:06:29.656 INFO payment-client [eu-west-1] handled GET /v1/cart/ORD-572924 user=usr_1254 status=200 duration_ms=179
2024-03-14 09:06:30.186 INFO inventory [ap-south-1] charge accepted order=ORD-877875 amount_cents=9946 currency=USD gateway_ref=ch_c208a093fac9
2024-03-14 09:06:30.480 DEBUG checkout-api [ap-south-1] acquired connection pool=payment size=64 in_use=5 wait_ms=98
2024-03-14 09:06:30.774 DEBUG checkout-api [eu-west-1] acquired connection pool=payment size=64 in_use=47 wait_ms=94
2024-03-14 09:06:31.051 DEBUG payment-client [ap-south-1] emitted metric checkout.latency value=157 region=ap-south-1
2024-03-14 09:06:31.184 DEBUG inventory [ap-south-1] emitted metric checkout.latency value=20 region=ap-south-1
2024-03-14 09:06:31.491 DEBUG payment-client [eu-west-1] emitted metric checkout.latency value=310 region=us-east-1
2024-03-14 09:06:31.705 INFO payment-client [eu-west-1] inventory reserved sku=SKU-2711 qty=1 order=ORD-525404
2024-03-14 09:06:32.497 DEBUG inventory [eu-west-1] acquired connection pool=payment size=64 in_use=18 wait_ms=253
2024-03-14 09:06:32.995 INFO payment-client [us-east-1] handled POST /v1/checkout order=ORD-857873 user=usr_2745 status=200 duration_ms=94
2024-03-14 09:06:33.475 INFO checkout-api [us-east-1] handled POST /v1/checkout order=ORD-930443 user=usr_7910 status=200 duration_ms=59
2024-03-14 09:06:34.292 INFO checkout-api [eu-west-1] handled POST /v1/checkout order=ORD-205797 user=usr_2340 status=200 duration_ms=254
2024-03-14 09:06:35.075 INFO checkout-api [eu-west-1] handled GET /v1/cart/ORD-786769 user=usr_3076 status=200 duration_ms=111
2024-03-14 09:06:35.482 INFO checkout-api [eu-west-1] handled POST /v1/checkout order=ORD-546277 user=usr_6817 status=200 duration_ms=58
2024-03-14 09:06:35.912 DEBUG inventory [ap-south-1] acquired connection pool=payment size=64 in_use=36 wait_ms=39
2024-03-14 09:06:36.693 INFO payment-client [eu-west-1] cache hit key=cart:ORD-379680 ttl_remaining_s=13
2024-03-14 09:06:37.385 DEBUG inventory [us-east-1] emitted metric checkout.latency value=191 region=ap-south-1
2024-03-14 09:06:37.728 DEBUG payment-client [us-east-1] emitted metric checkout.latency value=83 region=us-east-1
2024-03-14 09:06:38.392 DEBUG payment-client [eu-west-1] acquired connection pool=payment size=64 in_use=30 wait_ms=329
2024-03-14 09:06:38.972 INFO checkout-api [eu-west-1] handled GET /v1/cart/ORD-192715 user=usr_1698 status=200 duration_ms=270
2024-03-14 09:06:39.529 INFO inventory [us-east-1] handled GET /v1/cart/ORD-436667 user=usr_3086 status=200 duration_ms=267
2024-03-14 09:06:39.910 INFO inventory [eu-west-1] cache hit key=cart:ORD-226196 ttl_remaining_s=247
2024-03-14 09:06:40.105 DEBUG cart-store [us-east-1] acquired connection pool=payment size=64 in_use=53 wait_ms=44
2024-03-14 09:06:40.315 DEBUG payment-client [us-east-1] acquired connection pool=payment size=64 in_use=14 wait_ms=279
2024-03-14 09:06:40.801 INFO checkout-api [us-east-1] cache hit key=cart:ORD-773592 ttl_remaining_s=267
2024-03-14 09:06:41.116 INFO checkout-api [us-east-1] charge accepted order=ORD-564709 amount_cents=11113 currency=USD gateway_ref=ch_8268c8456957
2024-03-14 09:06:41.283 INFO payment-client [ap-south-1] handled GET /v1/cart/ORD-234170 user=usr_8671 status=200 duration_ms=180
2024-03-14 09:06:42.039 DEBUG inventory [ap-south-1] emitted metric checkout.latency value=57 region=ap-south-1
2024-03-14 09:06:42.275 INFO checkout-api [us-east-1] handled GET /v1/cart/ORD-648075 user=usr_8145 status=200 duration_ms=173
2024-03-14 09:06:42.835 INFO checkout-api [us-east-1] inventory reserved sku=SKU-3077 qty=1 order=ORD-471607
2024-03-14 09:06:43.096 INFO cart-store [eu-west-1] inventory reserved sku=SKU-1400 qty=4 order=ORD-623941
2024-03-14 09:06:43.638 DEBUG checkout-api [us-east-1] emitted metric checkout.latency value=68 region=eu-west-1
2024-03-14 09:06:44.139 INFO payment-client [ap-south-1] inventory reserved sku=SKU-7711 qty=1 order=ORD-180332
2024-03-14 09:06:44.514 INFO payment-client [eu-west-1] charge accepted order=ORD-721765 amount_cents=9276 currency=USD gateway_ref=ch_bb82816fcc60
2024-03-14 09:06:44.919 INFO inventory [us-east-1] charge accepted order=ORD-893283 amount_cents=10483 currency=USD gateway_ref=ch_9f0370fe159b
2024-03-14 09:06:45.168 DEBUG payment-client [ap-south-1] emitted metric checkout.latency value=174 region=us-east-1
2024-03-14 09:06:45.601 INFO checkout-api [ap-south-1] inventory reserved sku=SKU-9309 qty=3 order=ORD-124603
2024-03-14 09:06:45.902 INFO payment-client [eu-west-1] cache hit key=cart:ORD-685609 ttl_remaining_s=120
2024-03-14 09:06:46.171 DEBUG payment-client [us-east-1] acquired connection pool=payment size=64 in_use=6 wait_ms=212
2024-03-14 09:06:46.430 DEBUG cart-store [us-east-1] acquired connection pool=payment size=64 in_use=15 wait_ms=63
2024-03-14 09:06:47.327 INFO cart-store [ap-south-1] handled POST /v1/checkout order=ORD-846426 user=usr_1264 status=200 duration_ms=238
2024-03-14 09:06:47.978 INFO cart-store [eu-west-1] inventory reserved sku=SKU-8882 qty=3 order=ORD-657292
2024-03-14 09:06:48.867 DEBUG inventory [us-east-1] acquired connection pool=payment size=64 in_use=34 wait_ms=77
2024-03-14 09:06:49.531 INFO inventory [eu-west-1] inventory reserved sku=SKU-1092 qty=2 order=ORD-244638
2024-03-14 09:06:49.743 INFO payment-client [ap-south-1] cache hit key=cart:ORD-379315 ttl_remaining_s=140
2024-03-14 09:06:50.229 INFO payment-client [eu-west-1] inventory reserved sku=SKU-6218 qty=4 order=ORD-791678
2024-03-14 09:06:50.871 INFO checkout-api [eu-west-1] charge accepted order=ORD-743479 amount_cents=13670 currency=USD gateway_ref=ch_35d0d86e8f04
2024-03-14 09:06:51.626 INFO cart-store [us-east-1] inventory reserved sku=SKU-8667 qty=4 order=ORD-362929
2024-03-14 09:06:52.352 DEBUG payment-client [ap-south-1] emitted metric checkout.latency value=140 region=us-east-1
2024-03-14 09:06:52.977 DEBUG inventory [us-east-1] emitted metric checkout.latency value=174 region=ap-south-1
2024-03-14 09:06:53.177 INFO checkout-api [ap-south-1] inventory reserved sku=SKU-6357 qty=1 order=ORD-614286
2024-03-14 09:06:53.382 INFO cart-store [ap-south-1] handled POST /v1/checkout order=ORD-232265 user=usr_5925 status=200 duration_ms=330
2024-03-14 09:06:53.783 DEBUG payment-client [ap-south-1] emitted metric checkout.latency value=314 region=eu-west-1
2024-03-14 09:06:54.536 INFO checkout-api [ap-south-1] charge accepted order=ORD-500333 amount_cents=19232 currency=USD gateway_ref=ch_a59f78bef82b
2024-03-14 09:06:55.395 INFO inventory [eu-west-1] handled GET /v1/cart/ORD-883259 user=usr_4795 status=200 duration_ms=252
2024-03-14 09:06:56.254 INFO checkout-api [eu-west-1] charge accepted order=ORD-687370 amount_cents=15425 currency=USD gateway_ref=ch_04eb2078b68d
2024-03-14 09:06:56.399 DEBUG checkout-api [eu-west-1] emitted metric checkout.latency value=219 region=eu-west-1
2024-03-14 09:06:56.870 INFO payment-client [us-east-1] cache hit key=cart:ORD-712935 ttl_remaining_s=16
2024-03-14 09:06:57.237 INFO payment-client [eu-west-1] cache hit key=cart:ORD-484638 ttl_remaining_s=145
2024-03-14 09:06:57.807 INFO checkout-api [eu-west-1] charge accepted order=ORD-679370 amount_cents=3070 currency=USD gateway_ref=ch_ff7a10e42737
2024-03-14 09:06:58.282 DEBUG payment-client [ap-south-1] emitted metric checkout.latency value=197 region=eu-west-1
2024-03-14 09:06:58.795 DEBUG cart-store [ap-south-1] emitted metric checkout.latency value=114 region=eu-west-1
2024-03-14 09:06:59.665 INFO checkout-api [eu-west-1] charge accepted order=ORD-757675 amount_cents=1348 currency=USD gateway_ref=ch_824364fb1e36
2024-03-14 09:07:00.444 INFO cart-store [eu-west-1] charge accepted order=ORD-104656 amount_cents=2538 currency=USD gateway_ref=ch_6e5a44d0fd03
2024-03-14 09:07:00.783 INFO payment-client [us-east-1] charge accepted order=ORD-335867 amount_cents=11847 currency=USD gateway_ref=ch_e81d82e9d96a
2024-03-14 09:07:01.327 INFO checkout-api [eu-west-1] inventory reserved sku=SKU-2150 qty=2 order=ORD-330850
2024-03-14 09:07:02.080 DEBUG checkout-api [eu-west-1] emitted metric checkout.latency value=130 region=eu-west-1
2024-03-14 09:07:02.287 INFO inventory [ap-south-1] cache hit key=cart:ORD-591498 ttl_remaining_s=189
2024-03-14 09:07:03.172 INFO payment-client [us-east-1] handled GET /v1/cart/ORD-144777 user=usr_1369 status=200 duration_ms=99
2024-03-14 09:07:03.959 INFO payment-client [us-east-1] handled GET /v1/cart/ORD-355575 user=usr_2719 status=200 duration_ms=119
2024-03-14 09:07:04.472 INFO cart-store [us-east-1] handled GET /v1/cart/ORD-518561 user=usr_8007 status=200 duration_ms=165
2024-03-14 09:07:05.176 INFO payment-client [ap-south-1] charge accepted order=ORD-991218 amount_cents=23828 currency=USD gateway_ref=ch_e4a42fc05d51
2024-03-14 09:07:05.742 INFO payment-client [us-east-1] handled GET /v1/cart/ORD-799033 user=usr_3693 status=200 duration_ms=285
2024-03-14 09:07:06.118 INFO inventory [us-east-1] handled GET /v1/cart/ORD-821589 user=usr_8905 status=200 duration_ms=211
2024-03-14 09:07:06.855 DEBUG cart-store [eu-west-1] acquired connection pool=payment size=64 in_use=38 wait_ms=90
2024-03-14 09:07:07.003 INFO checkout-api [us-east-1] inventory reserved sku=SKU-8419 qty=4 order=ORD-548518
2024-03-14 09:07:07.666 INFO cart-store [ap-south-1] handled POST /v1/checkout order=ORD-650294 user=usr_4316 status=200 duration_ms=154
2024-03-14 09:07:07.808 INFO checkout-api [ap-south-1] cache hit key=cart:ORD-374299 ttl_remaining_s=105
2024-03-14 09:07:08.683 DEBUG cart-store [us-east-1] emitted metric checkout.latency value=75 region=ap-south-1
2024-03-14 09:07:09.450 DEBUG cart-store [eu-west-1] emitted metric checkout.latency value=115 region=us-east-1
2024-03-14 09:07:09.836 INFO payment-client [eu-west-1] handled GET /v1/cart/ORD-288636 user=usr_1811 status=200 duration_ms=42
2024-03-14 09:07:10.596 INFO cart-store [ap-south-1] inventory reserved sku=SKU-3201 qty=2 order=ORD-227248
2024-03-14 09:07:11.395 INFO checkout-api [eu-west-1] handled POST /v1/checkout order=ORD-413862 user=usr_9651 status=200 duration_ms=103
2024-03-14 09:07:12.199 INFO cart-store [eu-west-1] handled GET /v1/cart/ORD-533586 user=usr_8298 status=200 duration_ms=226
2024-03-14 09:07:12.569 INFO payment-client [ap-south-1] inventory reserved sku=SKU-9426 qty=4 order=ORD-687993
2024-03-14 09:07:13.439 INFO inventory [us-east-1] inventory reserved sku=SKU-3439 qty=1 order=ORD-345214
2024-03-14 09:07:13.766 DEBUG payment-client [ap-south-1] acquired connection pool=payment size=64 in_use=15 wait_ms=184
2024-03-14 09:07:14.123 INFO cart-store [eu-west-1] handled GET /v1/cart/ORD-994882 user=usr_8589 status=200 duration_ms=330
2024-03-14 09:07:14.820 INFO cart-store [eu-west-1] charge accepted order=ORD-391350 amount_cents=16787 currency=USD gateway_ref=ch_b8b48920256a
2024-03-14 09:07:15.696 INFO cart-store [ap-south-1] charge accepted order=ORD-546409 amount_cents=8217 currency=USD gateway_ref=ch_15a5fb7c3d1f
2024-03-14 09:07:15.921 INFO checkout-api [ap-south-1] handled POST /v1/checkout order=ORD-118600 user=usr_1091 status=200 duration_ms=40
2024-03-14 09:07:16.306 INFO cart-store [eu-west-1] handled POST /v1/checkout order=ORD-429444 user=usr_7869 status=200 duration_ms=266
2024-03-14 09:07:16.525 INFO inventory [ap-south-1] handled GET /v1/cart/ORD-304298 user=usr_4094 status=200 duration_ms=325
2024-03-14 09:07:17.180 DEBUG checkout-api [us-east-1] emitted metric checkout.latency value=30 region=eu-west-1
2024-03-14 09:07:17.390 INFO payment-client [ap-south-1] inventory reserved sku=SKU-7838 qty=4 order=ORD-303335
2024-03-14 09:07:17.521 DEBUG inventory [ap-south-1] acquired connection pool=payment size=64 in_use=35 wait_ms=21
2024-03-14 09:07:18.318 DEBUG checkout-api [us-east-1] acquired connection pool=payment size=64 in_use=18 wait_ms=240
2024-03-14 09:07:19.009 INFO cart-store [eu-west-1] handled POST /v1/checkout order=ORD-683085 user=usr_9018 status=200 duration_ms=312
2024-03-14 09:07:19.796 INFO cart-store [ap-south-1] charge accepted order=ORD-978721 amount_cents=1791 currency=USD gateway_ref=ch_3d494634771a
2024-03-14 09:07:20.012 INFO checkout-api [us-east-1] handled GET /v1/cart/ORD-135737 user=usr_8768 status=200 duration_ms=108
2024-03-14 09:07:20.668 INFO payment-client [eu-west-1] inventory reserved sku=SKU-9704 qty=2 order=ORD-565870
2024-03-14 09:07:21.065 INFO inventory [ap-south-1] handled GET /v1/cart/ORD-828607 user=usr_1078 status=200 duration_ms=84
2024-03-14 09:07:21.709 DEBUG cart-store [eu-west-1] emitted metric checkout.latency value=155 region=eu-west-1
2024-03-14 09:07:21.909 INFO inventory [ap-south-1] handled POST /v1/checkout order=ORD-953624 user=usr_8330 status=200 duration_ms=190
2024-03-14 09:07:22.031 INFO cart-store [eu-west-1] inventory reserved sku=SKU-9177 qty=1 order=ORD-165692
2024-03-14 09:07:22.190 DEBUG payment-client [us-east-1] acquired connection pool=payment size=64 in_use=3 wait_ms=326
2024-03-14 09:07:22.699 INFO inventory [ap-south-1] charge accepted order=ORD-965186 amount_cents=7617 currency=USD gateway_ref=ch_b8df7b1c488d
2024-03-14 09:07:23.261 DEBUG inventory [us-east-1] emitted metric checkout.latency value=288 region=us-east-1
2024-03-14 09:07:23.452 INFO inventory [us-east-1] inventory reserved sku=SKU-7433 qty=2 order=ORD-882833
2024-03-14 09:07:24.300 INFO checkout-api [us-east-1] inventory reserved sku=SKU-5934 qty=1 order=ORD-825133
2024-03-14 09:07:24.720 INFO payment-client [ap-south-1] charge accepted order=ORD-782380 amount_cents=9943 currency=USD gateway_ref=ch_978889a01a3e
2024-03-14 09:07:25.208 DEBUG inventory [us-east-1] emitted metric checkout.latency value=292 region=ap-south-1
2024-03-14 09:07:25.733 WARN inventory [ap-south-1] config value PAYMENT_POOL_SIZE resolved to 8 (manifest override absent)
2024-03-14 09:07:26.609 INFO cart-store [us-east-1] rollback initiated target=v2.30.4 regions=eu-west-1,us-east-1,ap-south-1 operator=oncall
2024-03-14 09:07:26.936 ERROR checkout-api [eu-west-1] gateway timeout after 8000ms order=ORD-269615 attempt=3 idempotency_key=ORD-269615:3
2024-03-14 09:07:27.513 INFO checkout-api [ap-south-1] inventory reserved sku=SKU-4382 qty=1 order=ORD-537428
2024-03-14 09:07:27.726 INFO checkout-api [ap-south-1] cache hit key=cart:ORD-431322 ttl_remaining_s=199
2024-03-14 09:07:28.204 INFO payment-client [ap-south-1] handled GET /v1/cart/ORD-423251 user=usr_3895 status=200 duration_ms=46
2024-03-14 09:07:28.989 ERROR cart-store [us-east-1] checkout failed order=ORD-868322 reason=payment_gateway_timeout revenue_cents=17801
2024-03-14 09:07:29.804 ERROR checkout-api [us-east-1] checkout failed order=ORD-145805 reason=payment_gateway_timeout revenue_cents=18939
2024-03-14 09:07:30.326 INFO payment-client [ap-south-1] handled GET /v1/cart/ORD-258402 user=usr_7375 status=200 duration_ms=213
2024-03-14 09:07:30.977 INFO cart-store [ap-south-1] handled POST /v1/checkout order=ORD-425654 user=usr_7581 status=200 duration_ms=277
2024-03-14 09:07:31.469 INFO payment-client [eu-west-1] inventory reserved sku=SKU-8300 qty=4 order=ORD-261657
2024-03-14 09:07:32.198 DEBUG checkout-api [eu-west-1] acquired connection pool=payment size=64 in_use=15 wait_ms=243
2024-03-14 09:07:32.877 INFO cart-store [ap-south-1] handled POST /v1/checkout order=ORD-531039 user=usr_7233 status=200 duration_ms=47
2024-03-14 09:07:33.618 INFO inventory [ap-south-1] handled POST /v1/checkout order=ORD-357099 user=usr_8030 status=200 duration_ms=249
2024-03-14 09:07:34.413 ERROR cart-store [eu-west-1] gateway timeout after 8000ms order=ORD-890439 attempt=3 idempotency_key=ORD-890439:3
2024-03-14 09:07:34.604 ERROR checkout-api [us-east-1] checkout failed order=ORD-505749 reason=payment_gateway_timeout revenue_cents=24463
2024-03-14 09:07:34.783 INFO inventory [ap-south-1] inventory reserved sku=SKU-4612 qty=1 order=ORD-355928
2024-03-14 09:07:35.343 INFO payment-client [ap-south-1] handled GET /v1/cart/ORD-857156 user=usr_5436 status=200 duration_ms=158
2024-03-14 09:07:36.173 DEBUG payment-client [ap-south-1] acquired connection pool=payment size=64 in_use=52 wait_ms=101
2024-03-14 09:07:36.735 DEBUG cart-store [ap-south-1] acquired connection pool=payment size=64 in_use=27 wait_ms=81
2024-03-14 09:07:36.971 INFO inventory [eu-west-1] inventory reserved sku=SKU-2996 qty=2 order=ORD-140138
2024-03-14 09:07:37.562 WARN payment-client [eu-west-1] config value PAYMENT_POOL_SIZE resolved to 8 (manifest override absent)
2024-03-14 09:07:38.381 INFO cart-store [us-east-1] cache hit key=cart:ORD-149298 ttl_remaining_s=16
2024-03-14 09:07:38.961 DEBUG checkout-api [ap-south-1] acquired connection pool=payment size=64 in_use=58 wait_ms=45
2024-03-14 09:07:39.516 WARN payment-client [ap-south-1] connection pool wait exceeded threshold pool=payment wait_ms=7912 in_use=8 size=8
2024-03-14 09:07:39.902 WARN cart-store [eu-west-1] config value PAYMENT_POOL_SIZE resolved to 8 (manifest override absent)
2024-03-14 09:07:40.632 INFO payment-client [ap-south-1] handled POST /v1/checkout order=ORD-836145 user=usr_1740 status=200 duration_ms=97
2024-03-14 09:07:40.885 INFO checkout-api [ap-south-1] charge accepted order=ORD-267375 amount_cents=18155 currency=USD gateway_ref=ch_febddc1aa340
2024-03-14 09:07:41.155 INFO inventory [us-east-1] handled POST /v1/checkout order=ORD-491360 user=usr_1173 status=200 duration_ms=325
2024-03-14 09:07:41.506 DEBUG checkout-api [eu-west-1] acquired connection pool=payment size=64 in_use=29 wait_ms=160
2024-03-14 09:07:42.135 INFO checkout-api [eu-west-1] handled POST /v1/checkout order=ORD-139239 user=usr_7796 status=200 duration_ms=228
2024-03-14 09:07:42.733 INFO inventory [ap-south-1] cache hit key=cart:ORD-978748 ttl_remaining_s=265
2024-03-14 09:07:43.586 INFO cart-store [ap-south-1] handled GET /v1/cart/ORD-264873 user=usr_8197 status=200 duration_ms=144
2024-03-14 09:07:44.459 INFO payment-client [eu-west-1] cache hit key=cart:ORD-899190 ttl_remaining_s=193
2024-03-14 09:07:44.842 ERROR inventory [ap-south-1] gateway timeout after 8000ms order=ORD-422071 attempt=3 idempotency_key=ORD-422071:3
2024-03-14 09:07:45.272 DEBUG checkout-api [eu-west-1] emitted metric checkout.latency value=214 region=ap-south-1
2024-03-14 09:07:46.038 ERROR payment-client [us-east-1] checkout failed order=ORD-880744 reason=payment_gateway_timeout revenue_cents=10520
2024-03-14 09:07:46.266 DEBUG cart-store [ap-south-1] acquired connection pool=payment size=64 in_use=1 wait_ms=309
2024-03-14 09:07:46.987 INFO checkout-api [ap-south-1] handled POST /v1/checkout order=ORD-224455 user=usr_2616 status=200 duration_ms=186
2024-03-14 09:07:47.604 INFO payment-client [eu-west-1] handled GET /v1/cart/ORD-213767 user=usr_9240 status=200 duration_ms=246
2024-03-14 09:07:48.381 INFO cart-store [eu-west-1] handled GET /v1/cart/ORD-909488 user=usr_4239 status=200 duration_ms=242
2024-03-14 09:07:48.752 INFO inventory [eu-west-1] rollback initiated target=v2.30.4 regions=eu-west-1,us-east-1,ap-south-1 operator=oncall
2024-03-14 09:07:49.185 INFO cart-store [ap-south-1] handled POST /v1/checkout order=ORD-520246 user=usr_3784 status=200 duration_ms=145
2024-03-14 09:07:49.388 DEBUG checkout-api [us-east-1] emitted metric checkout.latency value=256 region=eu-west-1
2024-03-14 09:07:50.035 INFO cart-store [eu-west-1] cache hit key=cart:ORD-726749 ttl_remaining_s=133
2024-03-14 09:07:50.328 INFO checkout-api [ap-south-1] inventory reserved sku=SKU-8009 qty=3 order=ORD-923864
2024-03-14 09:07:51.152 WARN payment-client [us-east-1] config value PAYMENT_POOL_SIZE resolved to 8 (manifest override absent)
2024-03-14 09:07:51.908 INFO checkout-api [eu-west-1] handled POST /v1/checkout order=ORD-109939 user=usr_2277 status=200 duration_ms=267
2024-03-14 09:07:52.081 INFO payment-client [us-east-1] charge accepted order=ORD-452659 amount_cents=22048 currency=USD gateway_ref=ch_f1118f222b38
2024-03-14 09:07:52.339 INFO cart-store [us-east-1] charge accepted order=ORD-911139 amount_cents=10441 currency=USD gateway_ref=ch_5f33e1f516c3
2024-03-14 09:07:52.869 ERROR checkout-api [eu-west-1] unhandled exception in charge path order=ORD-427039
Traceback (most recent call last):
  File "/srv/checkout/handlers/checkout.py", line 214, in post_checkout
    result = payment.charge(order.id, order.total_cents, "USD", source)
  File "/srv/checkout/payment/client.py", line 88, in charge
    return self._request("/v1/charges", payload, key)
  File "/srv/checkout/payment/client.py", line 51, in _request
    response = self._session.post(url, json=payload, timeout=self.timeout)
  File "/usr/lib/python3.11/site-packages/requests/sessions.py", line 637, in post
    return self.request("POST", url, data=data, json=json, **kwargs)
requests.exceptions.ReadTimeout: HTTPSConnectionPool(host='payments.internal', port=443): Read timed out. (read timeout=8.0)
2024-03-14 09:07:53.505 WARN payment-client [ap-south-1] connection pool wait exceeded threshold pool=payment wait_ms=7912 in_use=8 size=8
2024-03-14 09:07:54.274 INFO cart-store [us-east-1] charge accepted order=ORD-984479 amount_cents=515 currency=USD gateway_ref=ch_d2b56af1f343
2024-03-14 09:07:54.488 DEBUG cart-store [eu-west-1] emitted metric checkout.latency value=111 region=eu-west-1
2024-03-14 09:07:55.053 DEBUG payment-client [us-east-1] emitted metric checkout.latency value=203 region=eu-west-1
2024-03-14 09:07:55.370 INFO inventory [ap-south-1] inventory reserved sku=SKU-7487 qty=4 order=ORD-906444
2024-03-14 09:07:56.091 INFO payment-client [us-east-1] handled GET /v1/cart/ORD-471584 user=usr_7030 status=200 duration_ms=75
2024-03-14 09:07:56.436 ERROR inventory [us-east-1] gateway timeout after 8000ms order=ORD-959254 attempt=3 idempotency_key=ORD-959254:3
2024-03-14 09:07:56.638 INFO payment-client [eu-west-1] inventory reserved sku=SKU-4572 qty=4 order=ORD-751305
2024-03-14 09:07:57.393 INFO inventory [us-east-1] inventory reserved sku=SKU-2447 qty=2 order=ORD-871059
2024-03-14 09:07:58.281 ERROR checkout-api [us-east-1] gateway timeout after 8000ms order=ORD-348962 attempt=3 idempotency_key=ORD-348962:3
2024-03-14 09:07:58.930 INFO inventory [eu-west-1] handled GET /v1/cart/ORD-841968 user=usr_3555 status=200 duration_ms=39
2024-03-14 09:07:59.355 INFO cart-store [ap-south-1] handled GET /v1/cart/ORD-480800 user=usr_2620 status=200 duration_ms=159
2024-03-14 09:07:59.573 INFO inventory [eu-west-1] handled POST /v1/checkout order=ORD-478634 user=usr_8691 status=200 duration_ms=289
2024-03-14 09:08:00.040 DEBUG payment-client [us-east-1] emitted metric checkout.latency value=308 region=ap-south-1
2024-03-14 09:08:00.416 INFO checkout-api [us-east-1] cache hit key=cart:ORD-309058 ttl_remaining_s=269
2024-03-14 09:08:00.592 DEBUG checkout-api [us-east-1] emitted metric checkout.latency value=187 region=us-east-1
2024-03-14 09:08:01.008 INFO checkout-api [ap-south-1] cache hit key=cart:ORD-891646 ttl_remaining_s=277
2024-03-14 09:08:01.518 INFO inventory [ap-south-1] handled POST /v1/checkout order=ORD-170967 user=usr_3148 status=200 duration_ms=304
2024-03-14 09:08:01.865 INFO cart-store [ap-south-1] handled POST /v1/checkout order=ORD-311015 user=usr_1506 status=200 duration_ms=303
2024-03-14 09:08:02.547 INFO payment-client [ap-south-1] inventory reserved sku=SKU-6444 qty=3 order=ORD-387219
2024-03-14 09:08:02.868 ERROR inventory [us-east-1] gateway timeout after 8000ms order=ORD-426595 attempt=3 idempotency_key=ORD-426595:3
2024-03-14 09:08:03.398 INFO payment-client [us-east-1] inventory reserved sku=SKU-6179 qty=1 order=ORD-910835
2024-03-14 09:08:03.577 ERROR checkout-api [us-east-1] gateway timeout after 8000ms order=ORD-842498 attempt=3 idempotency_key=ORD-842498:3
2024-03-14 09:08:04.024 INFO inventory [eu-west-1] rollback initiated target=v2.30.4 regions=eu-west-1,us-east-1,ap-south-1 operator=oncall
2024-03-14 09:08:04.327 DEBUG payment-client [eu-west-1] acquired connection pool=payment size=64 in_use=11 wait_ms=317
2024-03-14 09:08:05.160 INFO inventory [eu-west-1] handled GET /v1/cart/ORD-683567 user=usr_6976 status=200 duration_ms=279
2024-03-14 09:08:05.469 DEBUG checkout-api [us-east-1] emitted metric checkout.latency value=195 region=ap-south-1
2024-03-14 09:08:05.679 INFO inventory [eu-west-1] rollback initiated target=v2.30.4 regions=eu-west-1,us-east-1,ap-south-1 operator=oncall
2024-03-14 09:08:06.239 INFO payment-client [ap-south-1] cache hit key=cart:ORD-862670 ttl_remaining_s=234
2024-03-14 09:08:06.950 DEBUG payment-client [eu-west-1] acquired connection pool=payment size=64 in_use=23 wait_ms=195
2024-03-14 09:08:07.226 DEBUG inventory [eu-west-1] acquired connection pool=payment size=64 in_use=8 wait_ms=254
2024-03-14 09:08:07.546 INFO cart-store [eu-west-1] handled POST /v1/checkout order=ORD-970308 user=usr_2469 status=200 duration_ms=69
2024-03-14 09:08:08.418 INFO checkout-api [ap-south-1] inventory reserved sku=SKU-3740 qty=4 order=ORD-522571
2024-03-14 09:08:08.930 INFO payment-client [us-east-1] handled GET /v1/cart/ORD-535013 user=usr_3480 status=200 duration_ms=73
2024-03-14 09:08:09.216 INFO inventory [eu-west-1] handled GET /v1/cart/ORD-885243 user=usr_2517 status=200 duration_ms=196
2024-03-14 09:08:09.733 DEBUG cart-store [ap-south-1] acquired connection pool=payment size=64 in_use=20 wait_ms=314
2024-03-14 09:08:10.168 WARN checkout-api [us-east-1] config value PAYMENT_POOL_SIZE resolved to 8 (manifest override absent)
2024-03-14 09:08:10.437 INFO cart-store [ap-south-1] cache hit key=cart:ORD-425645 ttl_remaining_s=300
2024-03-14 09:08:11.006 INFO cart-store [ap-south-1] charge accepted order=ORD-593895 amount_cents=13718 currency=USD gateway_ref=ch_07af1784da71
2024-03-14 09:08:11.260 INFO payment-client [us-east-1] handled GET /v1/cart/ORD-920912 user=usr_8513 status=200 duration_ms=301
2024-03-14 09:08:11.748 ERROR cart-store [eu-west-1] gateway timeout after 8000ms order=ORD-644535 attempt=3 idempotency_key=ORD-644535:3
2024-03-14 09:08:12.109 DEBUG inventory [ap-south-1] emitted metric checkout.latency value=121 region=us-east-1
2024-03-14 09:08:12.328 INFO payment-client [eu-west-1] rollback initiated target=v2.30.4 regions=eu-west-1,us-east-1,ap-south-1 operator=oncall
2024-03-14 09:08:13.056 INFO cart-store [eu-west-1] inventory reserved sku=SKU-4583 qty=1 order=ORD-133834
2024-03-14 09:08:13.576 INFO checkout-api [ap-south-1] handled GET /v1/cart/ORD-259028 user=usr_7727 status=200 duration_ms=49
2024-03-14 09:08:13.948 WARN cart-store [us-east-1] connection pool wait exceeded threshold pool=payment wait_ms=7912 in_use=8 size=8
2024-03-14 09:08:14.732 DEBUG cart-store [us-east-1] emitted metric checkout.latency value=50 region=us-east-1
2024-03-14 09:08:15.036 DEBUG checkout-api [ap-south-1] emitted metric checkout.latency value=282 region=ap-south-1
2024-03-14 09:08:15.757 ERROR inventory [eu-west-1] checkout failed order=ORD-764581 reason=payment_gateway_timeout revenue_cents=4235
2024-03-14 09:08:16.638 INFO inventory [us-east-1] inventory reserved sku=SKU-1651 qty=3 order=ORD-604109
2024-03-14 09:08:16.940 INFO payment-client [ap-south-1] handled GET /v1/cart/ORD-951261 user=usr_2105 status=200 duration_ms=189
2024-03-14 09:08:17.489 INFO payment-client [ap-south-1] handled POST /v1/checkout order=ORD-582941 user=usr_7591 status=200 duration_ms=299
2024-03-14 09:08:18.296 DEBUG cart-store [ap-south-1] acquired connection pool=payment size=64 in_use=51 wait_ms=172
2024-03-14 09:08:18.607 INFO inventory [us-east-1] inventory reserved sku=SKU-8325 qty=4 order=ORD-115216
2024-03-14 09:08:18.734 INFO cart-store [ap-south-1] handled POST /v1/checkout order=ORD-424814 user=usr_5178 status=200 duration_ms=169
2024-03-14 09:08:19.164 INFO payment-client [ap-south-1] inventory reserved sku=SKU-8835 qty=4 order=ORD-556129
2024-03-14 09:08:19.952 INFO checkout-api [ap-south-1] handled GET /v1/cart/ORD-394488 user=usr_6283 status=200 duration_ms=211
2024-03-14 09:08:20.622 DEBUG payment-client [eu-west-1] emitted metric checkout.latency value=314 region=eu-west-1
2024-03-14 09:08:21.281 INFO payment-client [eu-west-1] charge accepted order=ORD-772317 amount_cents=24275 currency=USD gateway_ref=ch_002c6349c1a3
2024-03-14 09:08:21.923 WARN checkout-api [eu-west-1] config value PAYMENT_POOL_SIZE resolved to 8 (manifest override absent)
2024-03-14 09:08:22.736 WARN checkout-api [us-east-1] connection pool wait exceeded threshold pool=payment wait_ms=7912 in_use=8 size=8
2024-03-14 09:08:22.891 INFO cart-store [us-east-1] cache hit key=cart:ORD-638535 ttl_remaining_s=12
2024-03-14 09:08:23.575 INFO payment-client [us-east-1] charge accepted order=ORD-737277 amount_cents=10371 currency=USD gateway_ref=ch_a4f422a4274f
2024-03-14 09:08:24.170 INFO inventory [eu-west-1] handled POST /v1/checkout order=ORD-237293 user=usr_3233 status=200 duration_ms=200
2024-03-14 09:08:24.566 DEBUG payment-client [ap-south-1] acquired connection pool=payment size=64 in_use=41 wait_ms=180
2024-03-14 09:08:24.747 INFO cart-store [ap-south-1] handled POST /v1/checkout order=ORD-420756 user=usr_2310 status=200 duration_ms=147
2024-03-14 09:08:25.294 INFO cart-store [ap-south-1] handled GET /v1/cart/ORD-356641 user=usr_4850 status=200 duration_ms=44
2024-03-14 09:08:25.538 DEBUG payment-client [us-east-1] acquired connection pool=payment size=64 in_use=48 wait_ms=283
2024-03-14 09:08:25.850 DEBUG inventory [ap-south-1] acquired connection pool=payment size=64 in_use=57 wait_ms=118
2024-03-14 09:08:26.163 INFO cart-store [eu-west-1] cache hit key=cart:ORD-284074 ttl_remaining_s=237
2024-03-14 09:08:26.302 INFO cart-store [us-east-1] charge accepted order=ORD-413761 amount_cents=11625 currency=USD gateway_ref=ch_0c1a43acb330
2024-03-14 09:08:26.817 ERROR payment-client [ap-south-1] checkout failed order=ORD-426809 reason=payment_gateway_timeout revenue_cents=1342
2024-03-14 09:08:27.577 INFO checkout-api [ap-south-1] cache hit key=cart:ORD-637365 ttl_remaining_s=114
2024-03-14 09:08:27.719 ERROR inventory [us-east-1] checkout failed order=ORD-759983 reason=payment_gateway_timeout revenue_cents=24466
2024-03-14 09:08:27.987 DEBUG checkout-api [ap-south-1] emitted metric checkout.latency value=122 region=us-east-1
2024-03-14 09:08:28.787 INFO cart-store [eu-west-1] inventory reserved sku=SKU-3177 qty=2 order=ORD-420586
2024-03-14 09:08:28.973 INFO inventory [ap-south-1] charge accepted order=ORD-485490 amount_cents=9984 currency=USD gateway_ref=ch_fced9ed36cf3
2024-03-14 09:08:29.528 INFO checkout-api [us-east-1] cache hit key=cart:ORD-898887 ttl_remaining_s=97
2024-03-14 09:08:30.136 INFO checkout-api [eu-west-1] handled GET /v1/cart/ORD-218387 user=usr_3615 status=200 duration_ms=311
2024-03-14 09:08:30.886 INFO cart-store [us-east-1] charge accepted order=ORD-312414 amount_cents=14726 currency=USD gateway_ref=ch_99731713d400
2024-03-14 09:08:31.560 INFO checkout-api [us-east-1] inventory reserved sku=SKU-5282 qty=4 order=ORD-666952
2024-03-14 09:08:32.450 INFO payment-client [ap-south-1] handled GET /v1/cart/ORD-317011 user=usr_1865 status=200 duration_ms=171
2024-03-14 09:08:32.743 WARN inventory [ap-south-1] connection pool wait exceeded threshold pool=payment wait_ms=7912 in_use=8 size=8
2024-03-14 09:08:32.898 INFO checkout-api [eu-west-1] handled GET /v1/cart/ORD-198798 user=usr_2641 status=200 duration_ms=216
2024-03-14 09:08:33.415 ERROR checkout-api [eu-west-1] unhandled exception in charge path order=ORD-121603
Traceback (most recent call last):
  File "/srv/checkout/handlers/checkout.py", line 214, in post_checkout
    result = payment.charge(order.id, order.total_cents, "USD", source)
  File "/srv/checkout/payment/client.py", line 88, in charge
    return self._request("/v1/charges", payload, key)
  File "/srv/checkout/payment/client.py", line 51, in _request
    response = self._session.post(url, json=payload, timeout=self.timeout)
  File "/usr/lib/python3.11/site-packages/requests/sessions.py", line 637, in post
    return self.request("POST", url, data=data, json=json, **kwargs)
requests.exceptions.ReadTimeout: HTTPSConnectionPool(host='payments.internal', port=443): Read timed out. (read timeout=8.0)
2024-03-14 09:08:33.972 WARN payment-client [eu-west-1] config value PAYMENT_POOL_SIZE resolved to 8 (manifest override absent)
2024-03-14 09:08:34.799 ERROR cart-store [us-east-1] gateway timeout after 8000ms order=ORD-510404 attempt=3 idempotency_key=ORD-510404:3
2024-03-14 09:08:35.572 INFO checkout-api [eu-west-1] inventory reserved sku=SKU-3913 qty=1 order=ORD-849711
2024-03-14 09:08:35.697 INFO checkout-api [eu-west-1] inventory reserved sku=SKU-2561 qty=3 order=ORD-745113
2024-03-14 09:08:36.240 INFO payment-client [ap-south-1] charge accepted order=ORD-931211 amount_cents=1002 currency=USD gateway_ref=ch_0da1846d3f5c
2024-03-14 09:08:36.671 INFO checkout-api [eu-west-1] rollback initiated target=v2.30.4 regions=eu-west-1,us-east-1,ap-south-1 operator=oncall
2024-03-14 09:08:36.998 ERROR inventory [us-east-1] gateway timeout after 8000ms order=ORD-697922 attempt=3 idempotency_key=ORD-697922:3
2024-03-14 09:08:37.880 INFO payment-client [eu-west-1] handled GET /v1/cart/ORD-356148 user=usr_5935 status=200 duration_ms=134
2024-03-14 09:08:38.667 INFO cart-store [ap-south-1] handled GET /v1/cart/ORD-226134 user=usr_1233 status=200 duration_ms=118
2024-03-14 09:08:39.449 DEBUG cart-store [eu-west-1] acquired connection pool=payment size=64 in_use=20 wait_ms=26
2024-03-14 09:08:40.292 ERROR checkout-api [eu-west-1] unhandled exception in charge path order=ORD-937143
Traceback (most recent call last):
  File "/srv/checkout/handlers/checkout.py", line 214, in post_checkout
    result = payment.charge(order.id, order.total_cents, "USD", source)
  File "/srv/checkout/payment/client.py", line 88, in charge
    return self._request("/v1/charges", payload, key)
  File "/srv/checkout/payment/client.py", line 51, in _request
    response = self._session.post(url, json=payload, timeout=self.timeout)
  File "/usr/lib/python3.11/site-packages/requests/sessions.py", line 637, in post
    return self.request("POST", url, data=data, json=json, **kwargs)
requests.exceptions.ReadTimeout: HTTPSConnectionPool(host='payments.internal', port=443): Read timed out. (read timeout=8.0)
2024-03-14 09:08:41.179 INFO checkout-api [eu-west-1] inventory reserved sku=SKU-4424 qty=4 order=ORD-899206
2024-03-14 09:08:41.727 INFO checkout-api [us-east-1] charge accepted order=ORD-962430 amount_cents=20105 currency=USD gateway_ref=ch_fc6f4a0b04cd
2024-03-14 09:08:42.585 INFO checkout-api [eu-west-1] handled POST /v1/checkout order=ORD-857304 user=usr_3238 status=200 duration_ms=224
2024-03-14 09:08:42.835 DEBUG cart-store [ap-south-1] emitted metric checkout.latency value=142 region=ap-south-1
2024-03-14 09:08:43.293 ERROR checkout-api [us-east-1] gateway timeout after 8000ms order=ORD-641193 attempt=3 idempotency_key=ORD-641193:3
2024-03-14 09:08:43.477 INFO checkout-api [us-east-1] handled GET /v1/cart/ORD-749003 user=usr_9888 status=200 duration_ms=140
2024-03-14 09:08:44.249 DEBUG checkout-api [ap-south-1] acquired connection pool=payment size=64 in_use=23 wait_ms=256
2024-03-14 09:08:44.992 INFO checkout-api [us-east-1] handled POST /v1/checkout order=ORD-779080 user=usr_7250 status=200 duration_ms=55
2024-03-14 09:08:45.152 INFO inventory [eu-west-1] charge accepted order=ORD-383312 amount_cents=14065 currency=USD gateway_ref=ch_6d2dae8e737a
2024-03-14 09:08:45.325 WARN checkout-api [us-east-1] config value PAYMENT_POOL_SIZE resolved to 8 (manifest override absent)
2024-03-14 09:08:46.097 INFO checkout-api [ap-south-1] charge accepted order=ORD-538683 amount_cents=10504 currency=USD gateway_ref=ch_02886a7ae4a5
2024-03-14 09:08:46.847 INFO payment-client [us-east-1] handled POST /v1/checkout order=ORD-954131 user=usr_1077 status=200 duration_ms=284
2024-03-14 09:08:47.441 INFO checkout-api [us-east-1] handled POST /v1/checkout order=ORD-786009 user=usr_4129 status=200 duration_ms=260
2024-03-14 09:08:47.961 INFO cart-store [eu-west-1] handled POST /v1/checkout order=ORD-876731 user=usr_7872 status=200 duration_ms=92
2024-03-14 09:08:48.734 INFO inventory [ap-south-1] cache hit key=cart:ORD-286411 ttl_remaining_s=89
2024-03-14 09:08:49.266 INFO inventory [us-east-1] cache hit key=cart:ORD-309979 ttl_remaining_s=169
2024-03-14 09:08:49.749 ERROR payment-client [eu-west-1] checkout failed order=ORD-962246 reason=payment_gateway_timeout revenue_cents=2887
2024-03-14 09:08:50.179 DEBUG payment-client [ap-south-1] acquired connection pool=payment size=64 in_use=3 wait_ms=132
2024-03-14 09:08:50.329 ERROR checkout-api [eu-west-1] unhandled exception in charge path order=ORD-315944
Traceback (most recent call last):
  File "/srv/checkout/handlers/checkout.py", line 214, in post_checkout
    result = payment.charge(order.id, order.total_cents, "USD", source)
  File "/srv/checkout/payment/client.py", line 88, in charge
    return self._request("/v1/charges", payload, key)
  File "/srv/checkout/payment/client.py", line 51, in _request
    response = self._session.post(url, json=payload, timeout=self.timeout)
  File "/usr/lib/python3.11/site-packages/requests/sessions.py", line 637, in post
    return self.request("POST", url, data=data, json=json, **kwargs)
requests.exceptions.ReadTimeout: HTTPSConnectionPool(host='payments.internal', port=443): Read timed out. (read timeout=8.0)
2024-03-14 09:08:50.762 INFO cart-store [ap-south-1] inventory reserved sku=SKU-1465 qty=3 order=ORD-287363
2024-03-14 09:08:51.027 INFO payment-client [eu-west-1] handled GET /v1/cart/ORD-792193 user=usr_3871 status=200 duration_ms=264
2024-03-14 09:08:51.798 ERROR payment-client [ap-south-1] checkout failed order=ORD-362900 reason=payment_gateway_timeout revenue_cents=15759
2024-03-14 09:08:52.121 INFO checkout-api [ap-south-1] inventory reserved sku=SKU-5150 qty=1 order=ORD-704856
2024-03-14 09:08:53.006 ERROR checkout-api [us-east-1] gateway timeout after 8000ms order=ORD-824230 attempt=3 idempotency_key=ORD-824230:3
2024-03-14 09:08:53.607 INFO inventory [us-east-1] handled GET /v1/cart/ORD-172517 user=usr_5521 status=200 duration_ms=135
2024-03-14 09:08:54.307 INFO payment-client [ap-south-1] handled POST /v1/checkout order=ORD-406675 user=usr_7243 status=200 duration_ms=218
2024-03-14 09:08:54.441 INFO checkout-api [us-east-1] handled POST /v1/checkout order=ORD-661536 user=usr_9097 status=200 duration_ms=25
2024-03-14 09:08:55.040 INFO payment-client [eu-west-1] handled POST /v1/checkout order=ORD-875103 user=usr_9667 status=200 duration_ms=125
2024-03-14 09:08:55.186 WARN inventory [ap-south-1] connection pool wait exceeded threshold pool=payment wait_ms=7912 in_use=8 size=8
2024-03-14 09:08:56.065 DEBUG checkout-api [ap-south-1] acquired connection pool=payment size=64 in_use=26 wait_ms=167
2024-03-14 09:08:56.688 DEBUG inventory [eu-west-1] acquired connection pool=payment size=64 in_use=35 wait_ms=67
2024-03-14 09:08:57.185 DEBUG cart-store [eu-west-1] acquired connection pool=payment size=64 in_use=57 wait_ms=333
2024-03-14 09:08:57.832 INFO cart-store [ap-south-1] inventory reserved sku=SKU-7350 qty=3 order=ORD-371102
2024-03-14 09:08:58.730 ERROR inventory [us-east-1] gateway timeout after 8000ms order=ORD-278877 attempt=3 idempotency_key=ORD-278877:3
2024-03-14 09:08:58.923 DEBUG payment-client [eu-west-1] acquired connection pool=payment size=64 in_use=31 wait_ms=49
2024-03-14 09:08:59.185 DEBUG payment-client [ap-south-1] acquired connection pool=payment size=64 in_use=5 wait_ms=216
2024-03-14 09:08:59.791 ERROR cart-store [ap-south-1] gateway timeout after 8000ms order=ORD-739648 attempt=3 idempotency_key=ORD-739648:3
2024-03-14 09:08:59.915 INFO checkout-api [ap-south-1] charge accepted order=ORD-850283 amount_cents=24220 currency=USD gateway_ref=ch_8fc0e6e0e6b2
2024-03-14 09:09:00.541 INFO payment-client [ap-south-1] charge accepted order=ORD-585549 amount_cents=24540 currency=USD gateway_ref=ch_5728e23b5e2d
2024-03-14 09:09:00.919 ERROR cart-store [ap-south-1] gateway timeout after 8000ms order=ORD-245170 attempt=3 idempotency_key=ORD-245170:3
2024-03-14 09:09:01.352 INFO checkout-api [us-east-1] handled POST /v1/checkout order=ORD-447568 user=usr_6475 status=200 duration_ms=102
2024-03-14 09:09:01.746 INFO checkout-api [eu-west-1] charge accepted order=ORD-648986 amount_cents=13084 currency=USD gateway_ref=ch_81534c26d2e9
2024-03-14 09:09:02.454 INFO inventory [ap-south-1] charge accepted order=ORD-734353 amount_cents=6519 currency=USD gateway_ref=ch_0ca0067c9e62
2024-03-14 09:09:03.237 INFO cart-store [ap-south-1] handled GET /v1/cart/ORD-879254 user=usr_2401 status=200 duration_ms=77
2024-03-14 09:09:03.570 INFO inventory [ap-south-1] cache hit key=cart:ORD-790904 ttl_remaining_s=297
2024-03-14 09:09:03.769 INFO checkout-api [ap-south-1] inventory reserved sku=SKU-5270 qty=4 order=ORD-486139
2024-03-14 09:09:04.601 INFO inventory [ap-south-1] cache hit key=cart:ORD-891619 ttl_remaining_s=42
2024-03-14 09:09:04.800 INFO inventory [us-east-1] cache hit key=cart:ORD-824823 ttl_remaining_s=158
2024-03-14 09:09:05.390 INFO inventory [ap-south-1] charge accepted order=ORD-391586 amount_cents=1908 currency=USD gateway_ref=ch_24a337df6110
2024-03-14 09:09:05.963 INFO payment-client [eu-west-1] cache hit key=cart:ORD-172978 ttl_remaining_s=14
2024-03-14 09:09:06.231 DEBUG cart-store [ap-south-1] emitted metric checkout.latency value=310 region=eu-west-1
2024-03-14 09:09:07.016 WARN checkout-api [ap-south-1] connection pool wait exceeded threshold pool=payment wait_ms=7912 in_use=8 size=8
2024-03-14 09:09:07.843 INFO payment-client [eu-west-1] cache hit key=cart:ORD-747756 ttl_remaining_s=190
2024-03-14 09:09:08.398 INFO payment-client [us-east-1] rollback initiated target=v2.30.4 regions=eu-west-1,us-east-1,ap-south-1 operator=oncall
2024-03-14 09:09:08.567 WARN inventory [eu-west-1] config value PAYMENT_POOL_SIZE resolved to 8 (manifest override absent)
2024-03-14 09:09:09.357 INFO inventory [us-east-1] cache hit key=cart:ORD-491270 ttl_remaining_s=42
2024-03-14 09:09:10.063 INFO checkout-api [ap-south-1] cache hit key=cart:ORD-470215 ttl_remaining_s=125
2024-03-14 09:09:10.960 INFO checkout-api [eu-west-1] cache hit key=cart:ORD-599178 ttl_remaining_s=105
2024-03-14 09:09:11.534 INFO cart-store [ap-south-1] inventory reserved sku=SKU-6338 qty=1 order=ORD-304781
2024-03-14 09:09:12.160 INFO checkout-api [ap-south-1] inventory reserved sku=SKU-3108 qty=3 order=ORD-767973
2024-03-14 09:09:12.881 DEBUG cart-store [ap-south-1] emitted metric checkout.latency value=331 region=eu-west-1
2024-03-14 09:09:13.215 INFO checkout-api [us-east-1] handled POST /v1/checkout order=ORD-424660 user=usr_6814 status=200 duration_ms=207
2024-03-14 09:09:13.752 INFO cart-store [ap-south-1] inventory reserved sku=SKU-8264 qty=1 order=ORD-600214
2024-03-14 09:09:14.261 INFO checkout-api [ap-south-1] inventory reserved sku=SKU-6777 qty=2 order=ORD-816024
2024-03-14 09:09:14.464 DEBUG checkout-api [eu-west-1] acquired connection pool=payment size=64 in_use=42 wait_ms=274
2024-03-14 09:09:15.311 INFO inventory [us-east-1] cache hit key=cart:ORD-219317 ttl_remaining_s=277
2024-03-14 09:09:15.813 INFO cart-store [ap-south-1] cache hit key=cart:ORD-931468 ttl_remaining_s=104
2024-03-14 09:09:16.109 INFO checkout-api [us-east-1] handled GET /v1/cart/ORD-824301 user=usr_1031 status=200 duration_ms=246
2024-03-14 09:09:16.648 DEBUG cart-store [ap-south-1] acquired connection pool=payment size=64 in_use=2 wait_ms=302
2024-03-14 09:09:16.799 INFO payment-client [eu-west-1] cache hit key=cart:ORD-676970 ttl_remaining_s=100
2024-03-14 09:09:17.583 DEBUG payment-client [ap-south-1] emitted metric checkout.latency value=28 region=us-east-1
2024-03-14 09:09:17.977 INFO payment-client [eu-west-1] cache hit key=cart:ORD-672534 ttl_remaining_s=35
2024-03-14 09:09:18.690 WARN inventory [eu-west-1] config value PAYMENT_POOL_SIZE resolved to 8 (manifest override absent)
2024-03-14 09:09:19.498 INFO inventory [us-east-1] handled GET /v1/cart/ORD-178594 user=usr_6072 status=200 duration_ms=209
2024-03-14 09:09:19.649 INFO inventory [eu-west-1] cache hit key=cart:ORD-778719 ttl_remaining_s=221
2024-03-14 09:09:20.150 ERROR checkout-api [eu-west-1] unhandled exception in charge path order=ORD-200286
Traceback (most recent call last):
  File "/srv/checkout/handlers/checkout.py", line 214, in post_checkout
    result = payment.charge(order.id, order.total_cents, "USD", source)
  File "/srv/checkout/payment/client.py", line 88, in charge
    return self._request("/v1/charges", payload, key)
  File "/srv/checkout/payment/client.py", line 51, in _request
    response = self._session.post(url, json=payload, timeout=self.timeout)
  File "/usr/lib/python3.11/site-packages/requests/sessions.py", line 637, in post
    return self.request("POST", url, data=data, json=json, **kwargs)
requests.exceptions.ReadTimeout: HTTPSConnectionPool(host='payments.internal', port=443): Read timed out. (read timeout=8.0)
2024-03-14 09:09:20.772 WARN cart-store [us-east-1] config value PAYMENT_POOL_SIZE resolved to 8 (manifest override absent)
2024-03-14 09:09:21.176 INFO inventory [us-east-1] inventory reserved sku=SKU-4088 qty=2 order=ORD-812686
2024-03-14 09:09:21.467 INFO payment-client [eu-west-1] inventory reserved sku=SKU-7899 qty=4 order=ORD-403861
2024-03-14 09:09:21.745 INFO cart-store [eu-west-1] handled POST /v1/checkout order=ORD-949193 user=usr_1537 status=200 duration_ms=271
2024-03-14 09:09:22.139 INFO payment-client [us-east-1] rollback initiated target=v2.30.4 regions=eu-west-1,us-east-1,ap-south-1 operator=oncall
2024-03-14 09:09:22.542 INFO checkout-api [ap-south-1] handled POST /v1/checkout order=ORD-375390 user=usr_4994 status=200 duration_ms=161
2024-03-14 09:09:23.136 WARN inventory [ap-south-1] connection pool wait exceeded threshold pool=payment wait_ms=7912 in_use=8 size=8
2024-03-14 09:09:23.863 WARN payment-client [us-east-1] config value PAYMENT_POOL_SIZE resolved to 8 (manifest override absent)
2024-03-14 09:09:24.389 ERROR checkout-api [eu-west-1] unhandled exception in charge path order=ORD-101297
Traceback (most recent call last):
  File "/srv/checkout/handlers/checkout.py", line 214, in post_checkout
    result = payment.charge(order.id, order.total_cents, "USD", source)
  File "/srv/checkout/payment/client.py", line 88, in charge
    return self._request("/v1/charges", payload, key)
  File "/srv/checkout/payment/client.py", line 51, in _request
    response = self._session.post(url, json=payload, timeout=self.timeout)
  File "/usr/lib/python3.11/site-packages/requests/sessions.py", line 637, in post
    return self.request("POST", url, data=data, json=json, **kwargs)
requests.exceptions.ReadTimeout: HTTPSConnectionPool(host='payments.internal', port=443): Read timed out. (read timeout=8.0)
2024-03-14 09:09:24.893 INFO payment-client [us-east-1] rollback initiated target=v2.30.4 regions=eu-west-1,us-east-1,ap-south-1 operator=oncall
2024-03-14 09:09:25.638 DEBUG inventory [us-east-1] acquired connection pool=payment size=64 in_use=43 wait_ms=183
2024-03-14 09:09:26.371 INFO cart-store [eu-west-1] handled GET /v1/cart/ORD-275103 user=usr_4319 status=200 duration_ms=184
2024-03-14 09:09:27.048 INFO cart-store [eu-west-1] charge accepted order=ORD-112899 amount_cents=15340 currency=USD gateway_ref=ch_90e1b7d2b1eb
2024-03-14 09:09:27.242 INFO inventory [eu-west-1] inventory reserved sku=SKU-6800 qty=1 order=ORD-792172
2024-03-14 09:09:28.025 DEBUG cart-store [ap-south-1] emitted metric checkout.latency value=294 region=ap-south-1
2024-03-14 09:09:28.375 INFO checkout-api [us-east-1] handled GET /v1/cart/ORD-787165 user=usr_8249 status=200 duration_ms=298
2024-03-14 09:09:28.823 DEBUG cart-store [ap-south-1] acquired connection pool=payment size=64 in_use=18 wait_ms=39
2024-03-14 09:09:29.473 WARN payment-client [eu-west-1] config value PAYMENT_POOL_SIZE resolved to 8 (manifest override absent)
2024-03-14 09:09:29.837 DEBUG payment-client [ap-south-1] acquired connection pool=payment size=64 in_use=57 wait_ms=165
2024-03-14 09:09:30.086 DEBUG inventory [us-east-1] emitted metric checkout.latency value=107 region=ap-south-1
2024-03-14 09:09:30.549 INFO payment-client [us-east-1] charge accepted order=ORD-361958 amount_cents=3213 currency=USD gateway_ref=ch_ddd89d3f1876
2024-03-14 09:09:31.331 DEBUG payment-client [us-east-1] acquired connection pool=payment size=64 in_use=40 wait_ms=174
2024-03-14 09:09:31.989 INFO cart-store [us-east-1] charge accepted order=ORD-469114 amount_cents=15669 currency=USD gateway_ref=ch_1cf3e11fb98c
2024-03-14 09:09:32.142 INFO payment-client [us-east-1] inventory reserved sku=SKU-6601 qty=1 order=ORD-141695
2024-03-14 09:09:32.864 INFO inventory [ap-south-1] cache hit key=cart:ORD-353295 ttl_remaining_s=250
2024-03-14 09:09:33.509 INFO checkout-api [ap-south-1] inventory reserved sku=SKU-3281 qty=4 order=ORD-459068
2024-03-14 09:09:34.219 INFO inventory [ap-south-1] handled POST /v1/checkout order=ORD-946460 user=usr_8396 status=200 duration_ms=327
2024-03-14 09:09:34.355 INFO inventory [eu-west-1] charge accepted order=ORD-566916 amount_cents=24158 currency=USD gateway_ref=ch_78141e36c460
2024-03-14 09:09:35.041 INFO checkout-api [eu-west-1] inventory reserved sku=SKU-8823 qty=4 order=ORD-968162
2024-03-14 09:09:35.237 INFO checkout-api [eu-west-1] cache hit key=cart:ORD-771276 ttl_remaining_s=244
2024-03-14 09:09:35.854 INFO checkout-api [ap-south-1] charge accepted order=ORD-475095 amount_cents=19854 currency=USD gateway_ref=ch_ac326bcfa5d9
2024-03-14 09:09:36.185 INFO inventory [eu-west-1] inventory reserved sku=SKU-4347 qty=4 order=ORD-792791
2024-03-14 09:09:36.596 DEBUG payment-client [eu-west-1] acquired connection pool=payment size=64 in_use=18 wait_ms=281
2024-03-14 09:09:37.284 INFO checkout-api [ap-south-1] handled POST /v1/checkout order=ORD-604227 user=usr_6917 status=200 duration_ms=291
2024-03-14 09:09:37.937 INFO checkout-api [ap-south-1] handled POST /v1/checkout order=ORD-280124 user=usr_2405 status=200 duration_ms=340
2024-03-14 09:09:38.780 ERROR checkout-api [ap-south-1] checkout failed order=ORD-497144 reason=payment_gateway_timeout revenue_cents=10120
2024-03-14 09:09:39.144 WARN checkout-api [us-east-1] connection pool wait exceeded threshold pool=payment wait_ms=7912 in_use=8 size=8
2024-03-14 09:09:39.856 DEBUG checkout-api [eu-west-1] emitted metric checkout.latency value=333 region=us-east-1
2024-03-14 09:09:40.347 ERROR inventory [eu-west-1] checkout failed order=ORD-513741 reason=payment_gateway_timeout revenue_cents=12194
2024-03-14 09:09:41.158 INFO checkout-api [us-east-1] handled GET /v1/cart/ORD-591959 user=usr_3985 status=200 duration_ms=96
2024-03-14 09:09:41.780 INFO cart-store [us-east-1] cache hit key=cart:ORD-942114 ttl_remaining_s=300
2024-03-14 09:09:42.534 INFO inventory [eu-west-1] cache hit key=cart:ORD-640503 ttl_remaining_s=184
2024-03-14 09:09:43.172 ERROR cart-store [eu-west-1] gateway timeout after 8000ms order=ORD-141224 attempt=3 idempotency_key=ORD-141224:3
2024-03-14 09:09:43.824 WARN inventory [ap-south-1] config value PAYMENT_POOL_SIZE resolved to 8 (manifest override absent)
2024-03-14 09:09:44.064 INFO payment-client [us-east-1] inventory reserved sku=SKU-6082 qty=2 order=ORD-288404
2024-03-14 09:09:44.652 INFO cart-store [ap-south-1] cache hit key=cart:ORD-732968 ttl_remaining_s=114
2024-03-14 09:09:45.222 INFO cart-store [us-east-1] handled POST /v1/checkout order=ORD-193605 user=usr_4792 status=200 duration_ms=205
2024-03-14 09:09:45.796 INFO checkout-api [us-east-1] handled POST /v1/checkout order=ORD-376554 user=usr_3767 status=200 duration_ms=76
2024-03-14 09:09:46.617 INFO payment-client [ap-south-1] handled GET /v1/cart/ORD-113757 user=usr_4520 status=200 duration_ms=250
2024-03-14 09:09:47.416 INFO inventory [eu-west-1] cache hit key=cart:ORD-275320 ttl_remaining_s=51
2024-03-14 09:09:48.117 INFO cart-store [eu-west-1] charge accepted order=ORD-794241 amount_cents=24268 currency=USD gateway_ref=ch_7aae920b008d
2024-03-14 09:09:48.647 INFO payment-client [us-east-1] handled GET /v1/cart/ORD-100757 user=usr_9285 status=200 duration_ms=321
2024-03-14 09:09:48.768 INFO payment-client [ap-south-1] cache hit key=cart:ORD-932849 ttl_remaining_s=196
2024-03-14 09:09:49.476 INFO checkout-api [ap-south-1] charge accepted order=ORD-660813 amount_cents=23092 currency=USD gateway_ref=ch_deba30881867
2024-03-14 09:09:50.090 ERROR cart-store [ap-south-1] gateway timeout after 8000ms order=ORD-896513 attempt=3 idempotency_key=ORD-896513:3
2024-03-14 09:09:50.267 DEBUG checkout-api [us-east-1] emitted metric checkout.latency value=198 region=eu-west-1
2024-03-14 09:09:50.644 ERROR inventory [ap-south-1] checkout failed order=ORD-110241 reason=payment_gateway_timeout revenue_cents=24392
2024-03-14 09:09:50.990 INFO inventory [us-east-1] inventory reserved sku=SKU-5742 qty=4 order=ORD-319956
2024-03-14 09:09:51.491 DEBUG checkout-api [us-east-1] emitted metric checkout.latency value=226 region=eu-west-1
2024-03-14 09:09:52.197 INFO inventory [eu-west-1] charge accepted order=ORD-922122 amount_cents=3025 currency=USD gateway_ref=ch_de7d4a1dc283
2024-03-14 09:09:52.389 INFO inventory [us-east-1] handled GET /v1/cart/ORD-649523 user=usr_2474 status=200 duration_ms=50
2024-03-14 09:09:52.661 INFO payment-client [ap-south-1] rollback initiated target=v2.30.4 regions=eu-west-1,us-east-1,ap-south-1 operator=oncall
2024-03-14 09:09:53.543 DEBUG checkout-api [ap-south-1] emitted metric checkout.latency value=41 region=eu-west-1
2024-03-14 09:09:54.043 DEBUG inventory [eu-west-1] acquired connection pool=payment size=64 in_use=39 wait_ms=35
2024-03-14 09:09:54.898 DEBUG cart-store [eu-west-1] emitted metric checkout.latency value=265 region=eu-west-1
2024-03-14 09:09:55.352 INFO checkout-api [us-east-1] rollback initiated target=v2.30.4 regions=eu-west-1,us-east-1,ap-south-1 operator=oncall
2024-03-14 09:09:55.706 INFO payment-client [ap-south-1] cache hit key=cart:ORD-301112 ttl_remaining_s=159
2024-03-14 09:09:56.143 DEBUG inventory [us-east-1] emitted metric checkout.latency value=240 region=ap-south-1
2024-03-14 09:09:56.328 DEBUG checkout-api [eu-west-1] emitted metric checkout.latency value=135 region=ap-south-1
2024-03-14 09:09:57.070 WARN checkout-api [eu-west-1] connection pool wait exceeded threshold pool=payment wait_ms=7912 in_use=8 size=8
2024-03-14 09:09:57.567 INFO checkout-api [us-east-1] handled GET /v1/cart/ORD-766231 user=usr_9128 status=200 duration_ms=232
2024-03-14 09:09:57.929 INFO cart-store [ap-south-1] handled POST /v1/checkout order=ORD-259072 user=usr_5726 status=200 duration_ms=176
2024-03-14 09:09:58.382 WARN payment-client [eu-west-1] config value PAYMENT_POOL_SIZE resolved to 8 (manifest override absent)
2024-03-14 09:09:58.799 INFO payment-client [ap-south-1] handled POST /v1/checkout order=ORD-223118 user=usr_8673 status=200 duration_ms=266
2024-03-14 09:09:59.147 INFO checkout-api [us-east-1] handled POST /v1/checkout order=ORD-892489 user=usr_2799 status=200 duration_ms=323
2024-03-14 09:09:59.694 INFO cart-store [us-east-1] inventory reserved sku=SKU-1626 qty=4 order=ORD-263531
2024-03-14 09:10:00.285 ERROR cart-store [eu-west-1] gateway timeout after 8000ms order=ORD-588419 attempt=3 idempotency_key=ORD-588419:3
2024-03-14 09:10:00.610 INFO cart-store [us-east-1] charge accepted order=ORD-269781 amount_cents=13552 currency=USD gateway_ref=ch_2cf0079ef195
2024-03-14 09:10:00.971 DEBUG checkout-api [ap-south-1] acquired connection pool=payment size=64 in_use=28 wait_ms=82
2024-03-14 09:10:01.308 INFO payment-client [us-east-1] handled GET /v1/cart/ORD-989794 user=usr_6513 status=200 duration_ms=59
2024-03-14 09:10:01.709 INFO checkout-api [eu-west-1] handled GET /v1/cart/ORD-721436 user=usr_3996 status=200 duration_ms=314
2024-03-14 09:10:01.920 DEBUG cart-store [us-east-1] emitted metric checkout.latency value=31 region=ap-south-1
2024-03-14 09:10:02.628 INFO payment-client [us-east-1] inventory reserved sku=SKU-3965 qty=2 order=ORD-362935
2024-03-14 09:10:02.765 DEBUG inventory [eu-west-1] acquired connection pool=payment size=64 in_use=54 wait_ms=336
2024-03-14 09:10:03.337 DEBUG cart-store [ap-south-1] acquired connection pool=payment size=64 in_use=28 wait_ms=116
2024-03-14 09:10:03.460 INFO cart-store [eu-west-1] handled GET /v1/cart/ORD-104803 user=usr_4080 status=200 duration_ms=336
2024-03-14 09:10:04.009 DEBUG cart-store [us-east-1] emitted metric checkout.latency value=215 region=ap-south-1
2024-03-14 09:10:04.227 INFO inventory [us-east-1] cache hit key=cart:ORD-353713 ttl_remaining_s=95
2024-03-14 09:10:04.624 INFO payment-client [eu-west-1] handled POST /v1/checkout order=ORD-704124 user=usr_7630 status=200 duration_ms=233
2024-03-14 09:10:05.513 INFO checkout-api [ap-south-1] handled POST /v1/checkout order=ORD-751503 user=usr_9774 status=200 duration_ms=29
2024-03-14 09:10:06.336 INFO payment-client [eu-west-1] inventory reserved sku=SKU-1905 qty=4 order=ORD-247957
2024-03-14 09:10:06.536 INFO checkout-api [us-east-1] inventory reserved sku=SKU-5434 qty=3 order=ORD-842047
2024-03-14 09:10:07.012 DEBUG cart-store [eu-west-1] acquired connection pool=payment size=64 in_use=30 wait_ms=239
2024-03-14 09:10:07.259 INFO inventory [eu-west-1] handled GET /v1/cart/ORD-620955 user=usr_2611 status=200 duration_ms=35
2024-03-14 09:10:07.767 DEBUG cart-store [us-east-1] emitted metric checkout.latency value=277 region=us-east-1
2024-03-14 09:10:08.524 INFO checkout-api [ap-south-1] inventory reserved sku=SKU-2211 qty=3 order=ORD-905815
2024-03-14 09:10:09.113 INFO payment-client [eu-west-1] inventory reserved sku=SKU-6137 qty=3 order=ORD-930234
2024-03-14 09:10:09.322 INFO checkout-api [us-east-1] handled POST /v1/checkout order=ORD-846733 user=usr_3131 status=200 duration_ms=65
2024-03-14 09:10:09.480 DEBUG inventory [ap-south-1] emitted metric checkout.latency value=161 region=ap-south-1
2024-03-14 09:10:10.333 INFO cart-store [eu-west-1] cache hit key=cart:ORD-249004 ttl_remaining_s=269
2024-03-14 09:10:10.548 DEBUG payment-client [us-east-1] acquired connection pool=payment size=64 in_use=34 wait_ms=138
2024-03-14 09:10:11.011 DEBUG inventory [eu-west-1] emitted metric checkout.latency value=124 region=eu-west-1
2024-03-14 09:10:11.821 DEBUG checkout-api [eu-west-1] emitted metric checkout.latency value=97 region=ap-south-1
2024-03-14 09:10:12.690 INFO inventory [eu-west-1] handled POST /v1/checkout order=ORD-772309 user=usr_9953 status=200 duration_ms=83
2024-03-14 09:10:13.510 INFO cart-store [ap-south-1] charge accepted order=ORD-406140 amount_cents=12795 currency=USD gateway_ref=ch_a8c65a7bee62
2024-03-14 09:10:13.658 DEBUG cart-store [us-east-1] emitted metric checkout.latency value=120 region=us-east-1
2024-03-14 09:10:13.815 INFO cart-store [us-east-1] inventory reserved sku=SKU-8925 qty=2 order=ORD-557173
2024-03-14 09:10:14.201 INFO inventory [ap-south-1] cache hit key=cart:ORD-237829 ttl_remaining_s=34
2024-03-14 09:10:14.600 DEBUG cart-store [eu-west-1] acquired connection pool=payment size=64 in_use=6 wait_ms=73
2024-03-14 09:10:15.165 INFO checkout-api [ap-south-1] handled GET /v1/cart/ORD-818476 user=usr_3812 status=200 duration_ms=130
2024-03-14 09:10:15.580 INFO cart-store [ap-south-1] handled GET /v1/cart/ORD-242802 user=usr_9690 status=200 duration_ms=182
2024-03-14 09:10:15.719 INFO inventory [us-east-1] cache hit key=cart:ORD-364393 ttl_remaining_s=158
2024-03-14 09:10:15.930 DEBUG inventory [ap-south-1] emitted metric checkout.latency value=182 region=eu-west-1
2024-03-14 09:10:16.314 INFO checkout-api [eu-west-1] inventory reserved sku=SKU-4810 qty=1 order=ORD-827096
2024-03-14 09:10:16.779 INFO payment-client [ap-south-1] handled POST /v1/checkout order=ORD-859795 user=usr_1878 status=200 duration_ms=94
2024-03-14 09:10:17.285 DEBUG checkout-api [ap-south-1] emitted metric checkout.latency value=167 region=eu-west-1
2024-03-14 09:10:17.898 INFO payment-client [ap-south-1] handled GET /v1/cart/ORD-475588 user=usr_4860 status=200 duration_ms=186
2024-03-14 09:10:18.258 INFO payment-client [ap-south-1] handled POST /v1/checkout order=ORD-392898 user=usr_5373 status=200 duration_ms=185
2024-03-14 09:10:18.778 INFO checkout-api [eu-west-1] inventory reserved sku=SKU-5568 qty=2 order=ORD-721883
2024-03-14 09:10:18.904 INFO payment-client [eu-west-1] handled GET /v1/cart/ORD-553953 user=usr_5190 status=200 duration_ms=71
2024-03-14 09:10:19.196 DEBUG inventory [ap-south-1] acquired connection pool=payment size=64 in_use=15 wait_ms=191
2024-03-14 09:10:19.991 DEBUG checkout-api [eu-west-1] emitted metric checkout.latency value=130 region=ap-south-1
2024-03-14 09:10:20.688 INFO payment-client [us-east-1] inventory reserved sku=SKU-1109 qty=4 order=ORD-745984
2024-03-14 09:10:21.184 INFO payment-client [ap-south-1] inventory reserved sku=SKU-3908 qty=3 order=ORD-881356
2024-03-14 09:10:21.344 DEBUG inventory [eu-west-1] emitted metric checkout.latency value=74 region=eu-west-1
2024-03-14 09:10:21.472 DEBUG checkout-api [eu-west-1] emitted metric checkout.latency value=59 region=ap-south-1
2024-03-14 09:10:22.150 INFO checkout-api [us-east-1] handled GET /v1/cart/ORD-207438 user=usr_7673 status=200 duration_ms=281
2024-03-14 09:10:22.567 DEBUG checkout-api [us-east-1] emitted metric checkout.latency value=93 region=us-east-1
2024-03-14 09:10:22.946 INFO checkout-api [ap-south-1] charge accepted order=ORD-251793 amount_cents=22613 currency=USD gateway_ref=ch_10db217f2bf5
2024-03-14 09:10:23.774 INFO cart-store [eu-west-1] inventory reserved sku=SKU-5551 qty=2 order=ORD-792846
2024-03-14 09:10:24.450 DEBUG checkout-api [eu-west-1] emitted metric checkout.latency value=242 region=eu-west-1
2024-03-14 09:10:25.011 INFO payment-client [eu-west-1] charge accepted order=ORD-816741 amount_cents=15407 currency=USD gateway_ref=ch_e025fc4b7521
2024-03-14 09:10:25.749 INFO checkout-api [ap-south-1] inventory reserved sku=SKU-5468 qty=3 order=ORD-188995
2024-03-14 09:10:26.404 INFO checkout-api [ap-south-1] charge accepted order=ORD-771662 amount_cents=8623 currency=USD gateway_ref=ch_6fbf88c8677e
2024-03-14 09:10:27.067 INFO cart-store [us-east-1] inventory reserved sku=SKU-4599 qty=2 order=ORD-570036
2024-03-14 09:10:27.224 INFO cart-store [ap-south-1] handled POST /v1/checkout order=ORD-238812 user=usr_5913 status=200 duration_ms=294
2024-03-14 09:10:28.098 INFO inventory [us-east-1] handled POST /v1/checkout order=ORD-719285 user=usr_7367 status=200 duration_ms=150
2024-03-14 09:10:28.825 INFO cart-store [us-east-1] handled POST /v1/checkout order=ORD-130888 user=usr_8440 status=200 duration_ms=173
2024-03-14 09:10:29.237 INFO checkout-api [us-east-1] handled POST /v1/checkout order=ORD-123062 user=usr_7687 status=200 duration_ms=236
2024-03-14 09:10:29.630 INFO inventory [eu-west-1] inventory reserved sku=SKU-4682 qty=4 order=ORD-101439
2024-03-14 09:10:30.280 DEBUG cart-store [ap-south-1] emitted metric checkout.latency value=149 region=us-east-1
2024-03-14 09:10:30.677 DEBUG checkout-api [us-east-1] emitted metric checkout.latency value=268 region=us-east-1
2024-03-14 09:10:31.513 INFO cart-store [ap-south-1] inventory reserved sku=SKU-8737 qty=3 order=ORD-488867
2024-03-14 09:10:31.941 INFO payment-client [us-east-1] inventory reserved sku=SKU-1056 qty=3 order=ORD-148701
2024-03-14 09:10:32.604 INFO inventory [eu-west-1] cache hit key=cart:ORD-822634 ttl_remaining_s=197
2024-03-14 09:10:33.404 INFO checkout-api [eu-west-1] inventory reserved sku=SKU-3479 qty=3 order=ORD-805509
2024-03-14 09:10:34.292 INFO payment-client [eu-west-1] inventory reserved sku=SKU-7101 qty=1 order=ORD-625534
2024-03-14 09:10:34.804 INFO inventory [ap-south-1] inventory reserved sku=SKU-5170 qty=2 order=ORD-322716
2024-03-14 09:10:35.602 DEBUG payment-client [eu-west-1] emitted metric checkout.latency value=174 region=ap-south-1
2024-03-14 09:10:35.808 INFO payment-client [us-east-1] cache hit key=cart:ORD-405120 ttl_remaining_s=173
2024-03-14 09:10:36.402 DEBUG checkout-api [ap-south-1] acquired connection pool=payment size=64 in_use=20 wait_ms=334
2024-03-14 09:10:37.297 DEBUG checkout-api [ap-south-1] emitted metric checkout.latency value=82 region=eu-west-1
2024-03-14 09:10:37.511 INFO inventory [us-east-1] handled POST /v1/checkout order=ORD-249356 user=usr_4963 status=200 duration_ms=237
2024-03-14 09:10:37.678 INFO checkout-api [us-east-1] charge accepted order=ORD-829935 amount_cents=24280 currency=USD gateway_ref=ch_7fbe66830f68
2024-03-14 09:10:37.903 INFO checkout-api [ap-south-1] cache hit key=cart:ORD-915949 ttl_remaining_s=188
2024-03-14 09:10:38.555 DEBUG checkout-api [eu-west-1] acquired connection pool=payment size=64 in_use=14 wait_ms=58
2024-03-14 09:10:39.409 INFO inventory [ap-south-1] inventory reserved sku=SKU-7470 qty=2 order=ORD-966234
2024-03-14 09:10:39.571 DEBUG checkout-api [ap-south-1] acquired connection pool=payment size=64 in_use=9 wait_ms=215
2024-03-14 09:10:40.414 INFO inventory [ap-south-1] cache hit key=cart:ORD-742471 ttl_remaining_s=259
2024-03-14 09:10:41.245 INFO checkout-api [eu-west-1] cache hit key=cart:ORD-924720 ttl_remaining_s=203
2024-03-14 09:10:41.528 INFO payment-client [ap-south-1] handled GET /v1/cart/ORD-338257 user=usr_9695 status=200 duration_ms=272
2024-03-14 09:10:42.181 DEBUG inventory [eu-west-1] acquired connection pool=payment size=64 in_use=54 wait_ms=220
2024-03-14 09:10:42.330 INFO payment-client [us-east-1] inventory reserved sku=SKU-5314 qty=3 order=ORD-939544
2024-03-14 09:10:42.938 INFO payment-client [eu-west-1] handled POST /v1/checkout order=ORD-882353 user=usr_5198 status=200 duration_ms=191
2024-03-14 09:10:43.522 DEBUG checkout-api [eu-west-1] emitted metric checkout.latency value=174 region=ap-south-1
2024-03-14 09:10:43.972 DEBUG payment-client [us-east-1] acquired connection pool=payment size=64 in_use=3 wait_ms=151
2024-03-14 09:10:44.667 INFO payment-client [us-east-1] charge accepted order=ORD-665328 amount_cents=22536 currency=USD gateway_ref=ch_46098ce23933
2024-03-14 09:10:45.546 INFO inventory [ap-south-1] handled POST /v1/checkout order=ORD-230349 user=usr_2967 status=200 duration_ms=185
2024-03-14 09:10:46.014 INFO inventory [us-east-1] handled POST /v1/checkout order=ORD-974839 user=usr_8522 status=200 duration_ms=139
2024-03-14 09:10:46.716 INFO payment-client [us-east-1] handled GET /v1/cart/ORD-566636 user=usr_6280 status=200 duration_ms=29
2024-03-14 09:10:46.884 INFO payment-client [eu-west-1] handled POST /v1/checkout order=ORD-455036 user=usr_1686 status=200 duration_ms=306
2024-03-14 09:10:47.320 INFO inventory [ap-south-1] handled POST /v1/checkout order=ORD-898835 user=usr_6623 status=200 duration_ms=241
2024-03-14 09:10:47.794 INFO inventory [ap-south-1] inventory reserved sku=SKU-4376 qty=1 order=ORD-853555
2024-03-14 09:10:48.239 INFO cart-store [eu-west-1] handled GET /v1/cart/ORD-452188 user=usr_6604 status=200 duration_ms=260
2024-03-14 09:10:48.925 INFO checkout-api [us-east-1] handled POST /v1/checkout order=ORD-644003 user=usr_1546 status=200 duration_ms=26
2024-03-14 09:10:49.715 INFO payment-client [eu-west-1] handled POST /v1/checkout order=ORD-181263 user=usr_7098 status=200 duration_ms=54
2024-03-14 09:10:49.994 INFO cart-store [us-east-1] handled GET /v1/cart/ORD-623226 user=usr_2250 status=200 duration_ms=48
2024-03-14 09:10:50.383 INFO checkout-api [ap-south-1] charge accepted order=ORD-947812 amount_cents=8756 currency=USD gateway_ref=ch_b97a5e5daf57
2024-03-14 09:10:50.859 INFO checkout-api [eu-west-1] cache hit key=cart:ORD-535737 ttl_remaining_s=22
2024-03-14 09:10:51.759 INFO inventory [ap-south-1] charge accepted order=ORD-629381 amount_cents=24046 currency=USD gateway_ref=ch_8e50525c8772
2024-03-14 09:10:52.167 INFO checkout-api [eu-west-1] cache hit key=cart:ORD-631077 ttl_remaining_s=75
2024-03-14 09:10:52.593 INFO checkout-api [ap-south-1] handled POST /v1/checkout order=ORD-668025 user=usr_3702 status=200 duration_ms=221
2024-03-14 09:10:53.389 INFO inventory [eu-west-1] charge accepted order=ORD-145635 amount_cents=18733 currency=USD gateway_ref=ch_b80341c03b16
2024-03-14 09:10:54.233 INFO cart-store [eu-west-1] handled POST /v1/checkout order=ORD-805528 user=usr_4613 status=200 duration_ms=243
2024-03-14 09:10:54.657 INFO cart-store [ap-south-1] charge accepted order=ORD-599543 amount_cents=5307 currency=USD gateway_ref=ch_767d49510b1e
2024-03-14 09:10:55.151 INFO payment-client [eu-west-1] handled POST /v1/checkout order=ORD-276996 user=usr_5365 status=200 duration_ms=113
2024-03-14 09:10:55.714 INFO inventory [us-east-1] cache hit key=cart:ORD-151989 ttl_remaining_s=24
2024-03-14 09:10:56.079 INFO cart-store [us-east-1] cache hit key=cart:ORD-201042 ttl_remaining_s=282
2024-03-14 09:10:56.340 INFO cart-store [eu-west-1] cache hit key=cart:ORD-417159 ttl_remaining_s=131
2024-03-14 09:10:57.201 INFO payment-client [ap-south-1] cache hit key=cart:ORD-429773 ttl_remaining_s=55
2024-03-14 09:10:57.783 INFO inventory [eu-west-1] handled GET /v1/cart/ORD-608429 user=usr_9014 status=200 duration_ms=74
2024-03-14 09:10:58.632 INFO cart-store [ap-south-1] handled GET /v1/cart/ORD-889377 user=usr_3592 status=200 duration_ms=74
2024-03-14 09:10:59.071 DEBUG cart-store [eu-west-1] emitted metric checkout.latency value=101 region=us-east-1
2024-03-14 09:10:59.465 INFO payment-client [eu-west-1] cache hit key=cart:ORD-124036 ttl_remaining_s=110
2024-03-14 09:11:00.257 DEBUG cart-store [ap-south-1] emitted metric checkout.latency value=218 region=eu-west-1
2024-03-14 09:11:00.395 INFO checkout-api [ap-south-1] inventory reserved sku=SKU-6628 qty=2 order=ORD-148054
2024-03-14 09:11:01.104 DEBUG checkout-api [eu-west-1] acquired connection pool=payment size=64 in_use=25 wait_ms=129
2024-03-14 09:11:01.639 INFO cart-store [ap-south-1] handled GET /v1/cart/ORD-491142 user=usr_8986 status=200 duration_ms=159
2024-03-14 09:11:01.768 INFO payment-client [ap-south-1] cache hit key=cart:ORD-733041 ttl_remaining_s=74
2024-03-14 09:11:02.225 INFO checkout-api [us-east-1] cache hit key=cart:ORD-299641 ttl_remaining_s=75
2024-03-14 09:11:03.043 INFO cart-store [ap-south-1] charge accepted order=ORD-821436 amount_cents=17817 currency=USD gateway_ref=ch_ab31bb5ea9a1
2024-03-14 09:11:03.688 DEBUG payment-client [eu-west-1] emitted metric checkout.latency value=207 region=eu-west-1
2024-03-14 09:11:04.489 INFO cart-store [ap-south-1] inventory reserved sku=SKU-4756 qty=2 order=ORD-333205
2024-03-14 09:11:05.302 DEBUG inventory [us-east-1] emitted metric checkout.latency value=102 region=ap-south-1
2024-03-14 09:11:05.793 INFO inventory [eu-west-1] charge accepted order=ORD-693555 amount_cents=10847 currency=USD gateway_ref=ch_16f89225b461
2024-03-14 09:11:06.430 DEBUG payment-client [us-east-1] acquired connection pool=payment size=64 in_use=57 wait_ms=59
2024-03-14 09:11:06.876 INFO payment-client [ap-south-1] inventory reserved sku=SKU-2902 qty=1 order=ORD-971155
2024-03-14 09:11:07.488 INFO payment-client [eu-west-1] inventory reserved sku=SKU-4813 qty=1 order=ORD-172612
2024-03-14 09:11:08.004 INFO checkout-api [ap-south-1] charge accepted order=ORD-282377 amount_cents=17602 currency=USD gateway_ref=ch_e7f330b14686
2024-03-14 09:11:08.323 INFO inventory [ap-south-1] handled GET /v1/cart/ORD-414709 user=usr_9150 status=200 duration_ms=319
2024-03-14 09:11:08.652 DEBUG inventory [ap-south-1] acquired connection pool=payment size=64 in_use=27 wait_ms=120
2024-03-14 09:11:09.308 INFO inventory [eu-west-1] handled POST /v1/checkout order=ORD-508305 user=usr_4612 status=200 duration_ms=187
2024-03-14 09:11:09.538 INFO inventory [eu-west-1] inventory reserved sku=SKU-8665 qty=2 order=ORD-327630
2024-03-14 09:11:10.082 INFO inventory [ap-south-1] handled POST /v1/checkout order=ORD-974756 user=usr_1197 status=200 duration_ms=271
2024-03-14 09:11:10.744 INFO payment-client [ap-south-1] inventory reserved sku=SKU-1349 qty=3 order=ORD-107982
2024-03-14 09:11:11.487 INFO cart-store [ap-south-1] charge accepted order=ORD-608779 amount_cents=24395 currency=USD gateway_ref=ch_f7c48c228a7b
2024-03-14 09:11:11.719 INFO checkout-api [ap-south-1] cache hit key=cart:ORD-245362 ttl_remaining_s=175
2024-03-14 09:11:12.079 INFO payment-client [us-east-1] cache hit key=cart:ORD-378594 ttl_remaining_s=182
2024-03-14 09:11:12.659 INFO inventory [ap-south-1] handled GET /v1/cart/ORD-268182 user=usr_2041 status=200 duration_ms=217
2024-03-14 09:11:13.296 INFO checkout-api [ap-south-1] cache hit key=cart:ORD-792278 ttl_remaining_s=293
2024-03-14 09:11:13.864 INFO inventory [us-east-1] handled POST /v1/checkout order=ORD-524842 user=usr_5561 status=200 duration_ms=93
2024-03-14 09:11:14.293 DEBUG payment-client [us-east-1] acquired connection pool=payment size=64 in_use=48 wait_ms=231
2024-03-14 09:11:14.646 INFO checkout-api [eu-west-1] charge accepted order=ORD-530260 amount_cents=24432 currency=USD gateway_ref=ch_d9e722d59eb4
2024-03-14 09:11:15.290 INFO checkout-api [eu-west-1] cache hit key=cart:ORD-964866 ttl_remaining_s=280
2024-03-14 09:11:16.015 INFO inventory [us-east-1] cache hit key=cart:ORD-282660 ttl_remaining_s=164
2024-03-14 09:11:16.329 INFO checkout-api [eu-west-1] inventory reserved sku=SKU-2729 qty=4 order=ORD-780854
2024-03-14 09:11:17.015 INFO inventory [us-east-1] charge accepted order=ORD-307925 amount_cents=18717 currency=USD gateway_ref=ch_fa8d7dbb6309
2024-03-14 09:11:17.349 DEBUG inventory [us-east-1] emitted metric checkout.latency value=86 region=us-east-1
2024-03-14 09:11:18.127 INFO checkout-api [ap-south-1] cache hit key=cart:ORD-560978 ttl_remaining_s=128
2024-03-14 09:11:18.870 DEBUG checkout-api [ap-south-1] emitted metric checkout.latency value=83 region=ap-south-1
2024-03-14 09:11:19.132 INFO payment-client [eu-west-1] handled GET /v1/cart/ORD-741348 user=usr_5452 status=200 duration_ms=311
2024-03-14 09:11:19.710 INFO cart-store [eu-west-1] charge accepted order=ORD-691104 amount_cents=23560 currency=USD gateway_ref=ch_0c3ff688c826
2024-03-14 09:11:19.968 DEBUG inventory [ap-south-1] acquired connection pool=payment size=64 in_use=48 wait_ms=65
2024-03-14 09:11:20.170 INFO checkout-api [ap-south-1] handled GET /v1/cart/ORD-330429 user=usr_8703 status=200 duration_ms=199
2024-03-14 09:11:21.043 DEBUG cart-store [eu-west-1] emitted metric checkout.latency value=301 region=eu-west-1
2024-03-14 09:11:21.443 INFO checkout-api [us-east-1] cache hit key=cart:ORD-116344 ttl_remaining_s=228
2024-03-14 09:11:22.238 DEBUG inventory [ap-south-1] acquired connection pool=payment size=64 in_use=47 wait_ms=281
2024-03-14 09:11:23.105 INFO payment-client [ap-south-1] inventory reserved sku=SKU-8305 qty=2 order=ORD-349620
2024-03-14 09:11:23.273 DEBUG cart-store [us-east-1] acquired connection pool=payment size=64 in_use=53 wait_ms=272
2024-03-14 09:11:23.507 INFO cart-store [eu-west-1] handled POST /v1/checkout order=ORD-172031 user=usr_2947 status=200 duration_ms=106
2024-03-14 09:11:24.192 INFO cart-store [us-east-1] cache hit key=cart:ORD-918075 ttl_remaining_s=207
2024-03-14 09:11:24.702 DEBUG checkout-api [us-east-1] emitted metric checkout.latency value=149 region=us-east-1
2024-03-14 09:11:25.118 INFO checkout-api [eu-west-1] inventory reserved sku=SKU-4738 qty=2 order=ORD-858291
2024-03-14 09:11:25.306 INFO payment-client [eu-west-1] charge accepted order=ORD-419955 amount_cents=20763 currency=USD gateway_ref=ch_cd6f3ff60526
2024-03-14 09:11:26.139 INFO payment-client [us-east-1] cache hit key=cart:ORD-547997 ttl_remaining_s=211
2024-03-14 09:11:26.581 DEBUG cart-store [us-east-1] acquired connection pool=payment size=64 in_use=13 wait_ms=86
2024-03-14 09:11:27.264 DEBUG inventory [us-east-1] emitted metric checkout.latency value=339 region=us-east-1
2024-03-14 09:11:27.435 INFO checkout-api [eu-west-1] handled GET /v1/cart/ORD-767737 user=usr_2142 status=200 duration_ms=192
2024-03-14 09:11:27.916 DEBUG checkout-api [eu-west-1] emitted metric checkout.latency value=301 region=ap-south-1
2024-03-14 09:11:28.423 INFO payment-client [us-east-1] cache hit key=cart:ORD-122740 ttl_remaining_s=243
2024-03-14 09:11:28.826 DEBUG inventory [ap-south-1] acquired connection pool=payment size=64 in_use=5 wait_ms=154
2024-03-14 09:11:29.377 INFO cart-store [ap-south-1] inventory reserved sku=SKU-7783 qty=4 order=ORD-914016
2024-03-14 09:11:30.228 INFO checkout-api [us-east-1] charge accepted order=ORD-401686 amount_cents=23416 currency=USD gateway_ref=ch_f4f4cdbf600b
2024-03-14 09:11:30.404 INFO cart-store [us-east-1] inventory reserved sku=SKU-3072 qty=3 order=ORD-707268
2024-03-14 09:11:30.808 INFO payment-client [eu-west-1] handled GET /v1/cart/ORD-567769 user=usr_9371 status=200 duration_ms=293
2024-03-14 09:11:31.543 INFO cart-store [eu-west-1] cache hit key=cart:ORD-333988 ttl_remaining_s=244
2024-03-14 09:11:32.015 DEBUG checkout-api [us-east-1] emitted metric checkout.latency value=86 region=eu-west-1
2024-03-14 09:11:32.800 DEBUG cart-store [eu-west-1] acquired connection pool=payment size=64 in_use=59 wait_ms=286
2024-03-14 09:11:33.023 INFO cart-store [us-east-1] inventory reserved sku=SKU-5281 qty=3 order=ORD-981964
2024-03-14 09:11:33.748 INFO payment-client [ap-south-1] handled POST /v1/checkout order=ORD-486525 user=usr_8704 status=200 duration_ms=295
2024-03-14 09:11:34.200 INFO checkout-api [ap-south-1] inventory reserved sku=SKU-1482 qty=2 order=ORD-597731
2024-03-14 09:11:35.089 INFO inventory [us-east-1] handled POST /v1/checkout order=ORD-251249 user=usr_6862 status=200 duration_ms=98
2024-03-14 09:11:35.616 DEBUG cart-store [eu-west-1] emitted metric checkout.latency value=48 region=us-east-1
2024-03-14 09:11:36.342 INFO checkout-api [us-east-1] handled GET /v1/cart/ORD-305933 user=usr_8732 status=200 duration_ms=74
2024-03-14 09:11:36.904 INFO payment-client [eu-west-1] inventory reserved sku=SKU-5550 qty=1 order=ORD-521615
2024-03-14 09:11:37.574 DEBUG cart-store [eu-west-1] acquired connection pool=payment size=64 in_use=40 wait_ms=60
2024-03-14 09:11:38.425 INFO inventory [us-east-1] inventory reserved sku=SKU-4146 qty=4 order=ORD-253074
2024-03-14 09:11:39.178 DEBUG checkout-api [us-east-1] acquired connection pool=payment size=64 in_use=52 wait_ms=44
2024-03-14 09:11:39.889 DEBUG payment-client [ap-south-1] acquired connection pool=payment size=64 in_use=35 wait_ms=150
2024-03-14 09:11:40.037 INFO inventory [us-east-1] inventory reserved sku=SKU-2042 qty=2 order=ORD-756620
2024-03-14 09:11:40.244 INFO cart-store [eu-west-1] cache hit key=cart:ORD-140596 ttl_remaining_s=97
2024-03-14 09:11:40.579 INFO cart-store [us-east-1] cache hit key=cart:ORD-411571 ttl_remaining_s=96
2024-03-14 09:11:41.366 INFO payment-client [us-east-1] handled POST /v1/checkout order=ORD-104916 user=usr_3428 status=200 duration_ms=94
2024-03-14 09:11:41.783 INFO payment-client [us-east-1] charge accepted order=ORD-354905 amount_cents=14171 currency=USD gateway_ref=ch_cd7bae72c197
2024-03-14 09:11:42.212 INFO cart-store [us-east-1] handled POST /v1/checkout order=ORD-963009 user=usr_7000 status=200 duration_ms=235
2024-03-14 09:11:42.552 INFO inventory [ap-south-1] handled POST /v1/checkout order=ORD-967329 user=usr_8177 status=200 duration_ms=214
2024-03-14 09:11:43.129 INFO payment-client [ap-south-1] charge accepted order=ORD-590504 amount_cents=962 currency=USD gateway_ref=ch_1e50011edf43
2024-03-14 09:11:43.758 INFO cart-store [eu-west-1] handled POST /v1/checkout order=ORD-200516 user=usr_4767 status=200 duration_ms=234
2024-03-14 09:11:44.384 DEBUG cart-store [ap-south-1] acquired connection pool=payment size=64 in_use=46 wait_ms=316
2024-03-14 09:11:44.792 DEBUG inventory [eu-west-1] acquired connection pool=payment size=64 in_use=29 wait_ms=284
2024-03-14 09:11:45.083 INFO payment-client [us-east-1] charge accepted order=ORD-704944 amount_cents=8048 currency=USD gateway_ref=ch_52f272596582
2024-03-14 09:11:45.548 INFO cart-store [ap-south-1] handled POST /v1/checkout order=ORD-527784 user=usr_6758 status=200 duration_ms=60
2024-03-14 09:11:45.882 DEBUG inventory [us-east-1] acquired connection pool=payment size=64 in_use=27 wait_ms=75
2024-03-14 09:11:46.408 INFO checkout-api [us-east-1] charge accepted order=ORD-289298 amount_cents=13258 currency=USD gateway_ref=ch_817207a4ba5d
2024-03-14 09:11:47.069 INFO inventory [eu-west-1] handled GET /v1/cart/ORD-803534 user=usr_1297 status=200 duration_ms=120
2024-03-14 09:11:47.523 DEBUG cart-store [ap-south-1] acquired connection pool=payment size=64 in_use=57 wait_ms=218
2024-03-14 09:11:48.370 INFO checkout-api [eu-west-1] handled POST /v1/checkout order=ORD-910729 user=usr_9424 status=200 duration_ms=99
2024-03-14 09:11:48.550 DEBUG cart-store [us-east-1] emitted metric checkout.latency value=278 region=ap-south-1
2024-03-14 09:11:49.077 INFO payment-client [us-east-1] inventory reserved sku=SKU-5416 qty=1 order=ORD-784605
2024-03-14 09:11:49.977 INFO inventory [ap-south-1] handled GET /v1/cart/ORD-818627 user=usr_7114 status=200 duration_ms=177
2024-03-14 09:11:50.243 DEBUG payment-client [ap-south-1] acquired connection pool=payment size=64 in_use=12 wait_ms=179
2024-03-14 09:11:50.883 DEBUG inventory [ap-south-1] emitted metric checkout.latency value=290 region=ap-south-1
2024-03-14 09:11:51.246 INFO cart-store [eu-west-1] cache hit key=cart:ORD-115586 ttl_remaining_s=101
2024-03-14 09:11:51.521 INFO checkout-api [ap-south-1] handled GET /v1/cart/ORD-721440 user=usr_3626 status=200 duration_ms=225
2024-03-14 09:11:52.122 INFO payment-client [ap-south-1] charge accepted order=ORD-666103 amount_cents=13496 currency=USD gateway_ref=ch_4d9e07c0d60e
2024-03-14 09:11:52.929 INFO payment-client [ap-south-1] charge accepted order=ORD-244855 amount_cents=538 currency=USD gateway_ref=ch_4fb14f9470d6
2024-03-14 09:11:53.721 INFO inventory [us-east-1] handled GET /v1/cart/ORD-870862 user=usr_4872 status=200 duration_ms=179
2024-03-14 09:11:54.257 INFO checkout-api [eu-west-1] handled POST /v1/checkout order=ORD-474758 user=usr_3872 status=200 duration_ms=144
2024-03-14 09:11:54.886 DEBUG cart-store [eu-west-1] acquired connection pool=payment size=64 in_use=34 wait_ms=248
2024-03-14 09:11:55.229 INFO cart-store [ap-south-1] handled POST /v1/checkout order=ORD-842662 user=usr_3941 status=200 duration_ms=225
2024-03-14 09:11:55.942 DEBUG cart-store [us-east-1] emitted metric checkout.latency value=33 region=ap-south-1
2024-03-14 09:11:56.209 INFO payment-client [ap-south-1] cache hit key=cart:ORD-587170 ttl_remaining_s=23
2024-03-14 09:11:56.858 INFO inventory [ap-south-1] inventory reserved sku=SKU-6705 qty=4 order=ORD-852153
2024-03-14 09:11:56.995 INFO inventory [ap-south-1] cache hit key=cart:ORD-224231 ttl_remaining_s=170
2024-03-14 09:11:57.661 INFO checkout-api [ap-south-1] charge accepted order=ORD-372824 amount_cents=2122 currency=USD gateway_ref=ch_395b3e6b2413
2024-03-14 09:11:58.333 DEBUG checkout-api [eu-west-1] emitted metric checkout.latency value=136 region=us-east-1
2024-03-14 09:11:58.543 INFO inventory [us-east-1] handled POST /v1/checkout order=ORD-537877 user=usr_5759 status=200 duration_ms=325
2024-03-14 09:11:58.943 INFO checkout-api [eu-west-1] charge accepted order=ORD-530422 amount_cents=6604 currency=USD gateway_ref=ch_e0e2f4119667
2024-03-14 09:11:59.644 DEBUG inventory [eu-west-1] acquired connection pool=payment size=64 in_use=3 wait_ms=279
2024-03-14 09:11:59.893 INFO inventory [eu-west-1] handled POST /v1/checkout order=ORD-524644 user=usr_5061 status=200 duration_ms=227
2024-03-14 09:12:00.452 INFO inventory [eu-west-1] handled GET /v1/cart/ORD-268884 user=usr_1209 status=200 duration_ms=318
2024-03-14 09:12:00.931 INFO payment-client [us-east-1] inventory reserved sku=SKU-4761 qty=1 order=ORD-601092
2024-03-14 09:12:01.598 INFO checkout-api [eu-west-1] handled GET /v1/cart/ORD-152499 user=usr_2995 status=200 duration_ms=74
2024-03-14 09:12:01.817 INFO inventory [us-east-1] charge accepted order=ORD-151974 amount_cents=6555 currency=USD gateway_ref=ch_3981dd78113b
2024-03-14 09:12:02.620 DEBUG checkout-api [eu-west-1] emitted metric checkout.latency value=135 region=ap-south-1
2024-03-14 09:12:03.433 INFO payment-client [us-east-1] charge accepted order=ORD-922598 amount_cents=23404 currency=USD gateway_ref=ch_79e46b7bdb8d
2024-03-14 09:12:04.077 INFO payment-client [us-east-1] handled GET /v1/cart/ORD-218064 user=usr_5542 status=200 duration_ms=233
2024-03-14 09:12:04.754 INFO checkout-api [ap-south-1] inventory reserved sku=SKU-1769 qty=2 order=ORD-747671
2024-03-14 09:12:05.359 INFO cart-store [us-east-1] inventory reserved sku=SKU-5358 qty=2 order=ORD-936541
2024-03-14 09:12:05.605 INFO checkout-api [ap-south-1] handled GET /v1/cart/ORD-553292 user=usr_2589 status=200 duration_ms=157
2024-03-14 09:12:06.188 DEBUG checkout-api [ap-south-1] emitted metric checkout.latency value=58 region=ap-south-1
2024-03-14 09:12:06.893 INFO checkout-api [eu-west-1] inventory reserved sku=SKU-7546 qty=1 order=ORD-282161
2024-03-14 09:12:07.750 INFO checkout-api [us-east-1] inventory reserved sku=SKU-8631 qty=4 order=ORD-890795
2024-03-14 09:12:08.575 DEBUG checkout-api [ap-south-1] acquired connection pool=payment size=64 in_use=19 wait_ms=141
2024-03-14 09:12:09.138 INFO payment-client [eu-west-1] handled GET /v1/cart/ORD-110420 user=usr_6631 status=200 duration_ms=201
2024-03-14 09:12:09.469 INFO cart-store [eu-west-1] inventory reserved sku=SKU-6047 qty=2 order=ORD-285949
2024-03-14 09:12:09.754 INFO cart-store [ap-south-1] handled POST /v1/checkout order=ORD-665699 user=usr_1714 status=200 duration_ms=301
2024-03-14 09:12:09.929 INFO payment-client [eu-west-1] handled GET /v1/cart/ORD-603204 user=usr_6194 status=200 duration_ms=157
2024-03-14 09:12:10.458 INFO checkout-api [us-east-1] handled GET /v1/cart/ORD-883153 user=usr_4405 status=200 duration_ms=282
2024-03-14 09:12:10.737 INFO checkout-api [eu-west-1] charge accepted order=ORD-642791 amount_cents=16825 currency=USD gateway_ref=ch_13bcd6be722a
2024-03-14 09:12:11.298 INFO payment-client [ap-south-1] inventory reserved sku=SKU-1733 qty=4 order=ORD-332154
2024-03-14 09:12:12.112 INFO payment-client [eu-west-1] inventory reserved sku=SKU-6326 qty=3 order=ORD-766482
2024-03-14 09:12:12.525 INFO checkout-api [eu-west-1] handled POST /v1/checkout order=ORD-286720 user=usr_7644 status=200 duration_ms=337
2024-03-14 09:12:13.322 INFO cart-store [eu-west-1] handled POST /v1/checkout order=ORD-983204 user=usr_5611 status=200 duration_ms=126
2024-03-14 09:12:13.500 INFO inventory [ap-south-1] inventory reserved sku=SKU-2686 qty=4 order=ORD-540839
2024-03-14 09:12:13.640 INFO inventory [ap-south-1] handled GET /v1/cart/ORD-185427 user=usr_3189 status=200 duration_ms=108
2024-03-14 09:12:14.200 INFO cart-store [eu-west-1] handled POST /v1/checkout order=ORD-638872 user=usr_2281 status=200 duration_ms=228
2024-03-14 09:12:14.779 INFO inventory [us-east-1] handled POST /v1/checkout order=ORD-609292 user=usr_8374 status=200 duration_ms=158
2024-03-14 09:12:15.191 INFO cart-store [ap-south-1] cache hit key=cart:ORD-651412 ttl_remaining_s=280
2024-03-14 09:12:15.705 INFO checkout-api [ap-south-1] charge accepted order=ORD-690192 amount_cents=1071 currency=USD gateway_ref=ch_ecca26ea3e71
2024-03-14 09:12:16.008 INFO inventory [us-east-1] cache hit key=cart:ORD-252780 ttl_remaining_s=120
2024-03-14 09:12:16.210 DEBUG payment-client [ap-south-1] acquired connection pool=payment size=64 in_use=47 wait_ms=18
2024-03-14 09:12:16.357 INFO cart-store [eu-west-1] inventory reserved sku=SKU-9023 qty=4 order=ORD-808243
2024-03-14 09:12:16.505 INFO inventory [us-east-1] handled GET /v1/cart/ORD-216297 user=usr_4659 status=200 duration_ms=142
2024-03-14 09:12:16.869 INFO payment-client [ap-south-1] cache hit key=cart:ORD-541341 ttl_remaining_s=151
2024-03-14 09:12:17.384 DEBUG inventory [eu-west-1] emitted metric checkout.latency value=74 region=ap-south-1
2024-03-14 09:12:18.005 INFO checkout-api [us-east-1] charge accepted order=ORD-472652 amount_cents=17398 currency=USD gateway_ref=ch_fd03c600f813
2024-03-14 09:12:18.397 INFO payment-client [us-east-1] charge accepted order=ORD-868095 amount_cents=23748 currency=USD gateway_ref=ch_1837a54a19e4
2024-03-14 09:12:19.041 INFO checkout-api [us-east-1] charge accepted order=ORD-849855 amount_cents=23760 currency=USD gateway_ref=ch_8abde5b83b51
2024-03-14 09:12:19.757 INFO inventory [eu-west-1] charge accepted order=ORD-528495 amount_cents=24867 currency=USD gateway_ref=ch_cdb0db20cf4c
2024-03-14 09:12:20.496 INFO inventory [us-east-1] handled POST /v1/checkout order=ORD-181163 user=usr_1418 status=200 duration_ms=35
2024-03-14 09:12:21.249 INFO payment-client [us-east-1] charge accepted order=ORD-441842 amount_cents=8334 currency=USD gateway_ref=ch_a44d49831699
2024-03-14 09:12:21.596 INFO inventory [eu-west-1] cache hit key=cart:ORD-615871 ttl_remaining_s=51
2024-03-14 09:12:22.343 INFO payment-client [us-east-1] cache hit key=cart:ORD-426841 ttl_remaining_s=198
2024-03-14 09:12:23.060 INFO cart-store [eu-west-1] charge accepted order=ORD-284575 amount_cents=13001 currency=USD gateway_ref=ch_dce16fc3633a
2024-03-14 09:12:23.181 INFO checkout-api [us-east-1] inventory reserved sku=SKU-6086 qty=2 order=ORD-548738
2024-03-14 09:12:23.446 INFO payment-client [eu-west-1] charge accepted order=ORD-518914 amount_cents=12115 currency=USD gateway_ref=ch_30561e22349c
2024-03-14 09:12:24.199 INFO cart-store [us-east-1] handled POST /v1/checkout order=ORD-919220 user=usr_7674 status=200 duration_ms=100
2024-03-14 09:12:25.025 INFO inventory [us-east-1] handled GET /v1/cart/ORD-450301 user=usr_7848 status=200 duration_ms=38
2024-03-14 09:12:25.552 INFO checkout-api [us-east-1] handled POST /v1/checkout order=ORD-575310 user=usr_7248 status=200 duration_ms=188
2024-03-14 09:12:25.940 DEBUG checkout-api [eu-west-1] acquired connection pool=payment size=64 in_use=38 wait_ms=141
2024-03-14 09:12:26.597 INFO payment-client [ap-south-1] charge accepted order=ORD-905478 amount_cents=18419 currency=USD gateway_ref=ch_8dba4058aae8
2024-03-14 09:12:27.208 INFO payment-client [us-east-1] cache hit key=cart:ORD-533177 ttl_remaining_s=148
2024-03-14 09:12:27.972 INFO payment-client [us-east-1] inventory reserved sku=SKU-4549 qty=4 order=ORD-923184
2024-03-14 09:12:28.571 INFO inventory [eu-west-1] handled POST /v1/checkout order=ORD-774393 user=usr_8954 status=200 duration_ms=97
2024-03-14 09:12:29.240 INFO payment-client [ap-south-1] inventory reserved sku=SKU-3503 qty=3 order=ORD-281228
2024-03-14 09:12:29.827 INFO inventory [ap-south-1] handled POST /v1/checkout order=ORD-643217 user=usr_6534 status=200 duration_ms=79
2024-03-14 09:12:30.203 INFO payment-client [eu-west-1] handled GET /v1/cart/ORD-991031 user=usr_4224 status=200 duration_ms=315
2024-03-14 09:12:30.628 INFO checkout-api [ap-south-1] handled POST /v1/checkout order=ORD-713745 user=usr_2043 status=200 duration_ms=166
2024-03-14 09:12:31.511 DEBUG checkout-api [ap-south-1] acquired connection pool=payment size=64 in_use=53 wait_ms=106
2024-03-14 09:12:32.174 INFO cart-store [us-east-1] inventory reserved sku=SKU-3642 qty=3 order=ORD-669307
2024-03-14 09:12:32.930 INFO payment-client [eu-west-1] handled GET /v1/cart/ORD-611105 user=usr_3917 status=200 duration_ms=155
2024-03-14 09:12:33.159 INFO payment-client [eu-west-1] handled POST /v1/checkout order=ORD-196651 user=usr_9798 status=200 duration_ms=88
2024-03-14 09:12:33.674 INFO inventory [eu-west-1] handled GET /v1/cart/ORD-148161 user=usr_4355 status=200 duration_ms=63
2024-03-14 09:12:33.820 DEBUG inventory [eu-west-1] acquired connection pool=payment size=64 in_use=16 wait_ms=29
2024-03-14 09:12:33.960 DEBUG payment-client [us-east-1] emitted metric checkout.latency value=265 region=eu-west-1
2024-03-14 09:12:34.274 INFO inventory [eu-west-1] charge accepted order=ORD-798483 amount_cents=15927 currency=USD gateway_ref=ch_e3246c897624
2024-03-14 09:12:35.070 DEBUG inventory [eu-west-1] emitted metric checkout.latency value=104 region=eu-west-1
2024-03-14 09:12:35.456 INFO inventory [eu-west-1] charge accepted order=ORD-712140 amount_cents=8205 currency=USD gateway_ref=ch_ccb9de6c7746
2024-03-14 09:12:35.945 DEBUG checkout-api [ap-south-1] acquired connection pool=payment size=64 in_use=40 wait_ms=287
2024-03-14 09:12:36.762 INFO inventory [us-east-1] charge accepted order=ORD-104001 amount_cents=10474 currency=USD gateway_ref=ch_1e5f017e8250
2024-03-14 09:12:36.949 INFO checkout-api [eu-west-1] inventory reserved sku=SKU-7240 qty=4 order=ORD-143342
2024-03-14 09:12:37.239 INFO cart-store [eu-west-1] charge accepted order=ORD-966482 amount_cents=2159 currency=USD gateway_ref=ch_f959aae13580
2024-03-14 09:12:37.646 DEBUG cart-store [eu-west-1] acquired connection pool=payment size=64 in_use=18 wait_ms=302
2024-03-14 09:12:38.395 INFO inventory [us-east-1] charge accepted order=ORD-539107 amount_cents=7965 currency=USD gateway_ref=ch_e18f828e47a2
2024-03-14 09:12:38.675 INFO payment-client [us-east-1] handled GET /v1/cart/ORD-962728 user=usr_3638 status=200 duration_ms=282
2024-03-14 09:12:39.095 INFO inventory [us-east-1] charge accepted order=ORD-563237 amount_cents=23112 currency=USD gateway_ref=ch_31e3963d7bc8
2024-03-14 09:12:39.429 INFO checkout-api [us-east-1] cache hit key=cart:ORD-819961 ttl_remaining_s=122
2024-03-14 09:12:39.775 INFO cart-store [us-east-1] handled POST /v1/checkout order=ORD-588102 user=usr_2562 status=200 duration_ms=142
2024-03-14 09:12:39.994 DEBUG inventory [us-east-1] acquired connection pool=payment size=64 in_use=34 wait_ms=327
2024-03-14 09:12:40.606 INFO payment-client [eu-west-1] handled GET /v1/cart/ORD-905917 user=usr_8078 status=200 duration_ms=49
2024-03-14 09:12:41.052 INFO payment-client [eu-west-1] inventory reserved sku=SKU-5994 qty=2 order=ORD-622095
2024-03-14 09:12:41.669 INFO cart-store [us-east-1] cache hit key=cart:ORD-585440 ttl_remaining_s=180
2024-03-14 09:12:42.221 INFO cart-store [eu-west-1] cache hit key=cart:ORD-554485 ttl_remaining_s=293
2024-03-14 09:12:42.556 INFO cart-store [us-east-1] inventory reserved sku=SKU-2041 qty=3 order=ORD-593682
2024-03-14 09:12:43.314 DEBUG inventory [eu-west-1] emitted metric checkout.latency value=147 region=eu-west-1
2024-03-14 09:12:43.722 INFO payment-client [ap-south-1] handled GET /v1/cart/ORD-294018 user=usr_3364 status=200 duration_ms=30
2024-03-14 09:12:44.290 INFO payment-client [eu-west-1] charge accepted order=ORD-785252 amount_cents=8681 currency=USD gateway_ref=ch_3618dcd8a271
2024-03-14 09:12:44.473 INFO checkout-api [eu-west-1] charge accepted order=ORD-947781 amount_cents=22083 currency=USD gateway_ref=ch_2858db44e218
2024-03-14 09:12:44.770 INFO cart-store [eu-west-1] handled GET /v1/cart/ORD-214015 user=usr_7667 status=200 duration_ms=285
2024-03-14 09:12:45.124 INFO checkout-api [ap-south-1] charge accepted order=ORD-596200 amount_cents=8285 currency=USD gateway_ref=ch_d40134d62113
2024-03-14 09:12:45.351 INFO inventory [us-east-1] inventory reserved sku=SKU-3217 qty=2 order=ORD-505383
2024-03-14 09:12:45.485 INFO cart-store [ap-south-1] charge accepted order=ORD-492243 amount_cents=6605 currency=USD gateway_ref=ch_9262571e5bec
2024-03-14 09:12:46.351 INFO cart-store [us-east-1] inventory reserved sku=SKU-7620 qty=1 order=ORD-858959
2024-03-14 09:12:46.829 INFO cart-store [eu-west-1] cache hit key=cart:ORD-441492 ttl_remaining_s=11
2024-03-14 09:12:47.032 INFO checkout-api [us-east-1] inventory reserved sku=SKU-1947 qty=4 order=ORD-247720
2024-03-14 09:12:47.274 DEBUG checkout-api [ap-south-1] emitted metric checkout.latency value=85 region=us-east-1
2024-03-14 09:12:47.920 INFO cart-store [eu-west-1] handled GET /v1/cart/ORD-664110 user=usr_8564 status=200 duration_ms=209
2024-03-14 09:12:48.285 INFO payment-client [us-east-1] handled POST /v1/checkout order=ORD-106418 user=usr_8349 status=200 duration_ms=105
2024-03-14 09:12:49.049 INFO inventory [eu-west-1] inventory reserved sku=SKU-6381 qty=1 order=ORD-188144
2024-03-14 09:12:49.749 DEBUG inventory [eu-west-1] acquired connection pool=payment size=64 in_use=60 wait_ms=133
2024-03-14 09:12:50.641 DEBUG cart-store [us-east-1] emitted metric checkout.latency value=193 region=eu-west-1
2024-03-14 09:12:51.494 INFO inventory [ap-south-1] cache hit key=cart:ORD-503282 ttl_remaining_s=222
2024-03-14 09:12:51.717 INFO payment-client [ap-south-1] inventory reserved sku=SKU-9598 qty=1 order=ORD-216869
2024-03-14 09:12:52.513 INFO checkout-api [ap-south-1] cache hit key=cart:ORD-778412 ttl_remaining_s=10
2024-03-14 09:12:52.658 INFO cart-store [us-east-1] inventory reserved sku=SKU-4498 qty=1 order=ORD-697082
2024-03-14 09:12:53.385 INFO payment-client [eu-west-1] cache hit key=cart:ORD-975335 ttl_remaining_s=45
2024-03-14 09:12:54.088 INFO inventory [ap-south-1] cache hit key=cart:ORD-210211 ttl_remaining_s=293
2024-03-14 09:12:54.426 INFO checkout-api [ap-south-1] handled GET /v1/cart/ORD-998157 user=usr_5990 status=200 duration_ms=269
2024-03-14 09:12:54.730 DEBUG payment-client [us-east-1] emitted metric checkout.latency value=284 region=us-east-1
2024-03-14 09:12:55.557 INFO checkout-api [us-east-1] charge accepted order=ORD-651921 amount_cents=5106 currency=USD gateway_ref=ch_4533ba343330
2024-03-14 09:12:56.125 DEBUG payment-client [ap-south-1] emitted metric checkout.latency value=251 region=us-east-1
2024-03-14 09:12:56.786 INFO payment-client [eu-west-1] cache hit key=cart:ORD-174287 ttl_remaining_s=90
2024-03-14 09:12:57.241 DEBUG checkout-api [ap-south-1] emitted metric checkout.latency value=82 region=ap-south-1
2024-03-14 09:12:57.777 INFO inventory [eu-west-1] handled GET /v1/cart/ORD-214417 user=usr_5269 status=200 duration_ms=97
2024-03-14 09:12:58.593 INFO payment-client [eu-west-1] charge accepted order=ORD-225560 amount_cents=4101 currency=USD gateway_ref=ch_dc231e34222c
2024-03-14 09:12:59.110 DEBUG payment-client [ap-south-1] emitted metric checkout.latency value=233 region=ap-south-1
2024-03-14 09:12:59.579 INFO cart-store [eu-west-1] handled POST /v1/checkout order=ORD-483459 user=usr_4663 status=200 duration_ms=232
2024-03-14 09:13:00.418 INFO inventory [ap-south-1] charge accepted order=ORD-808586 amount_cents=7021 currency=USD gateway_ref=ch_489b40908ba3
2024-03-14 09:13:00.937 INFO checkout-api [ap-south-1] inventory reserved sku=SKU-4557 qty=4 order=ORD-857671
2024-03-14 09:13:01.785 INFO payment-client [eu-west-1] handled POST /v1/checkout order=ORD-228980 user=usr_5433 status=200 duration_ms=114
2024-03-14 09:13:02.309 DEBUG inventory [us-east-1] emitted metric checkout.latency value=193 region=eu-west-1
2024-03-14 09:13:02.643 INFO payment-client [us-east-1] charge accepted order=ORD-250277 amount_cents=23450 currency=USD gateway_ref=ch_2f6cc24311eb
2024-03-14 09:13:03.090 DEBUG inventory [ap-south-1] acquired connection pool=payment size=64 in_use=57 wait_ms=237
2024-03-14 09:13:03.722 INFO payment-client [us-east-1] charge accepted order=ORD-949332 amount_cents=7627 currency=USD gateway_ref=ch_1b8f340d35b1
2024-03-14 09:13:04.243 INFO inventory [eu-west-1] inventory reserved sku=SKU-1076 qty=2 order=ORD-408459
2024-03-14 09:13:04.795 INFO cart-store [eu-west-1] handled POST /v1/checkout order=ORD-610192 user=usr_3546 status=200 duration_ms=228
2024-03-14 09:13:05.569 INFO checkout-api [ap-south-1] charge accepted order=ORD-297002 amount_cents=18112 currency=USD gateway_ref=ch_243f3712eab2
2024-03-14 09:13:05.744 DEBUG cart-store [eu-west-1] emitted metric checkout.latency value=33 region=ap-south-1
2024-03-14 09:13:06.012 INFO inventory [us-east-1] cache hit key=cart:ORD-457208 ttl_remaining_s=298
2024-03-14 09:13:06.522 DEBUG inventory [eu-west-1] acquired connection pool=payment size=64 in_use=8 wait_ms=180
2024-03-14 09:13:07.417 INFO cart-store [us-east-1] inventory reserved sku=SKU-3740 qty=1 order=ORD-539730
2024-03-14 09:13:07.757 INFO checkout-api [eu-west-1] handled GET /v1/cart/ORD-856945 user=usr_4201 status=200 duration_ms=245
2024-03-14 09:13:08.357 DEBUG payment-client [eu-west-1] acquired connection pool=payment size=64 in_use=38 wait_ms=293
2024-03-14 09:13:08.790 INFO checkout-api [eu-west-1] handled POST /v1/checkout order=ORD-837573 user=usr_8803 status=200 duration_ms=117
2024-03-14 09:13:09.619 DEBUG payment-client [ap-south-1] acquired connection pool=payment size=64 in_use=28 wait_ms=176
2024-03-14 09:13:10.334 DEBUG payment-client [ap-south-1] acquired connection pool=payment size=64 in_use=3 wait_ms=239
2024-03-14 09:13:10.574 DEBUG checkout-api [ap-south-1] emitted metric checkout.latency value=118 region=ap-south-1
2024-03-14 09:13:11.009 INFO payment-client [ap-south-1] cache hit key=cart:ORD-963018 ttl_remaining_s=273
2024-03-14 09:13:11.480 DEBUG payment-client [us-east-1] acquired connection pool=payment size=64 in_use=18 wait_ms=82
2024-03-14 09:13:12.210 DEBUG cart-store [eu-west-1] emitted metric checkout.latency value=191 region=us-east-1
2024-03-14 09:13:12.986 DEBUG checkout-api [us-east-1] acquired connection pool=payment size=64 in_use=49 wait_ms=287
2024-03-14 09:13:13.727 INFO payment-client [us-east-1] charge accepted order=ORD-408255 amount_cents=3668 currency=USD gateway_ref=ch_6d91d412a3d1
2024-03-14 09:13:13.932 DEBUG cart-store [eu-west-1] emitted metric checkout.latency value=294 region=eu-west-1
2024-03-14 09:13:14.333 INFO payment-client [ap-south-1] cache hit key=cart:ORD-577666 ttl_remaining_s=108
2024-03-14 09:13:14.611 DEBUG cart-store [eu-west-1] emitted metric checkout.latency value=143 region=eu-west-1
2024-03-14 09:13:15.148 INFO inventory [us-east-1] cache hit key=cart:ORD-722191 ttl_remaining_s=6
2024-03-14 09:13:15.435 INFO payment-client [us-east-1] inventory reserved sku=SKU-2954 qty=3 order=ORD-640064
2024-03-14 09:13:15.851 INFO payment-client [ap-south-1] handled POST /v1/checkout order=ORD-737826 user=usr_8714 status=200 duration_ms=117
2024-03-14 09:13:16.646 DEBUG checkout-api [eu-west-1] emitted metric checkout.latency value=218 region=ap-south-1
2024-03-14 09:13:17.370 DEBUG checkout-api [us-east-1] acquired connection pool=payment size=64 in_use=23 wait_ms=229
2024-03-14 09:13:17.711 DEBUG inventory [ap-south-1] emitted metric checkout.latency value=314 region=eu-west-1
2024-03-14 09:13:17.938 INFO inventory [us-east-1] cache hit key=cart:ORD-380355 ttl_remaining_s=92
2024-03-14 09:13:18.259 DEBUG cart-store [eu-west-1] emitted metric checkout.latency value=75 region=ap-south-1
2024-03-14 09:13:19.097 INFO cart-store [ap-south-1] charge accepted order=ORD-984468 amount_cents=588 currency=USD gateway_ref=ch_e421f7261668
2024-03-14 09:13:19.660 INFO payment-client [us-east-1] charge accepted order=ORD-737797 amount_cents=13788 currency=USD gateway_ref=ch_fca21ce56ee6
2024-03-14 09:13:19.941 INFO payment-client [eu-west-1] handled GET /v1/cart/ORD-681905 user=usr_3575 status=200 duration_ms=255
2024-03-14 09:13:20.614 DEBUG checkout-api [us-east-1] acquired connection pool=payment size=64 in_use=3 wait_ms=134
2024-03-14 09:13:21.374 INFO payment-client [eu-west-1] handled POST /v1/checkout order=ORD-943118 user=usr_1139 status=200 duration_ms=126
2024-03-14 09:13:21.510 INFO payment-client [ap-south-1] cache hit key=cart:ORD-215431 ttl_remaining_s=166
2024-03-14 09:13:22.165 INFO payment-client [eu-west-1] handled POST /v1/checkout order=ORD-579599 user=usr_1376 status=200 duration_ms=277
2024-03-14 09:13:23.004 INFO cart-store [us-east-1] inventory reserved sku=SKU-7785 qty=2 order=ORD-533788
2024-03-14 09:13:23.790 DEBUG checkout-api [us-east-1] emitted metric checkout.latency value=23 region=ap-south-1
2024-03-14 09:13:23.995 INFO inventory [us-east-1] handled POST /v1/checkout order=ORD-654225 user=usr_9100 status=200 duration_ms=159
2024-03-14 09:13:24.835 INFO inventory [eu-west-1] handled POST /v1/checkout order=ORD-581621 user=usr_2761 status=200 duration_ms=170
2024-03-14 09:13:25.473 INFO inventory [eu-west-1] cache hit key=cart:ORD-276701 ttl_remaining_s=9
2024-03-14 09:13:26.330 INFO checkout-api [eu-west-1] handled GET /v1/cart/ORD-353849 user=usr_7257 status=200 duration_ms=337
2024-03-14 09:13:27.110 DEBUG cart-store [eu-west-1] acquired connection pool=payment size=64 in_use=18 wait_ms=217
2024-03-14 09:13:27.928 DEBUG cart-store [eu-west-1] emitted metric checkout.latency value=238 region=ap-south-1
2024-03-14 09:13:28.232 DEBUG inventory [eu-west-1] acquired connection pool=payment size=64 in_use=37 wait_ms=143
2024-03-14 09:13:28.477 INFO inventory [eu-west-1] charge accepted order=ORD-112506 amount_cents=6152 currency=USD gateway_ref=ch_9c09112cff70
2024-03-14 09:13:29.192 INFO checkout-api [us-east-1] handled GET /v1/cart/ORD-250005 user=usr_5832 status=200 duration_ms=296
2024-03-14 09:13:29.622 INFO checkout-api [eu-west-1] handled POST /v1/checkout order=ORD-547034 user=usr_4627 status=200 duration_ms=221
2024-03-14 09:13:30.278 DEBUG cart-store [eu-west-1] emitted metric checkout.latency value=167 region=us-east-1
2024-03-14 09:13:30.913 INFO payment-client [us-east-1] cache hit key=cart:ORD-733915 ttl_remaining_s=99
2024-03-14 09:13:31.295 INFO inventory [eu-west-1] inventory reserved sku=SKU-1013 qty=1 order=ORD-906074
2024-03-14 09:13:32.132 INFO cart-store [ap-south-1] handled GET /v1/cart/ORD-818171 user=usr_7430 status=200 duration_ms=336
2024-03-14 09:13:32.373 INFO cart-store [eu-west-1] handled GET /v1/cart/ORD-308097 user=usr_1659 status=200 duration_ms=95
2024-03-14 09:13:32.807 INFO checkout-api [ap-south-1] handled GET /v1/cart/ORD-952772 user=usr_7392 status=200 duration_ms=254
2024-03-14 09:13:33.608 DEBUG checkout-api [ap-south-1] acquired connection pool=payment size=64 in_use=60 wait_ms=81
2024-03-14 09:13:33.753 INFO payment-client [us-east-1] cache hit key=cart:ORD-249867 ttl_remaining_s=132
2024-03-14 09:13:34.076 INFO cart-store [ap-south-1] handled GET /v1/cart/ORD-257515 user=usr_5907 status=200 duration_ms=173
2024-03-14 09:13:34.726 INFO cart-store [eu-west-1] inventory reserved sku=SKU-7142 qty=1 order=ORD-401031
2024-03-14 09:13:35.204 INFO cart-store [ap-south-1] cache hit key=cart:ORD-181737 ttl_remaining_s=76
2024-03-14 09:13:35.720 DEBUG checkout-api [eu-west-1] emitted metric checkout.latency value=167 region=us-east-1
2024-03-14 09:13:36.533 DEBUG checkout-api [ap-south-1] acquired connection pool=payment size=64 in_use=31 wait_ms=157
2024-03-14 09:13:37.095 INFO payment-client [us-east-1] handled POST /v1/checkout order=ORD-347246 user=usr_9598 status=200 duration_ms=123
2024-03-14 09:13:37.645 INFO cart-store [us-east-1] inventory reserved sku=SKU-2727 qty=3 order=ORD-707050
2024-03-14 09:13:38.458 INFO inventory [ap-south-1] handled POST /v1/checkout order=ORD-820571 user=usr_7269 status=200 duration_ms=181
2024-03-14 09:13:38.808 INFO payment-client [ap-south-1] charge accepted order=ORD-397457 amount_cents=24522 currency=USD gateway_ref=ch_38b21f656103
2024-03-14 09:13:39.078 INFO checkout-api [ap-south-1] handled POST /v1/checkout order=ORD-545899 user=usr_1196 status=200 duration_ms=75
2024-03-14 09:13:39.904 INFO inventory [ap-south-1] cache hit key=cart:ORD-285995 ttl_remaining_s=89
2024-03-14 09:13:40.769 INFO checkout-api [us-east-1] handled GET /v1/cart/ORD-939150 user=usr_2644 status=200 duration_ms=314
2024-03-14 09:13:40.967 INFO cart-store [us-east-1] cache hit key=cart:ORD-332977 ttl_remaining_s=143
2024-03-14 09:13:41.633 DEBUG cart-store [us-east-1] acquired connection pool=payment size=64 in_use=10 wait_ms=160
2024-03-14 09:13:42.056 INFO inventory [us-east-1] cache hit key=cart:ORD-548430 ttl_remaining_s=176
2024-03-14 09:13:42.832 INFO checkout-api [us-east-1] handled GET /v1/cart/ORD-784903 user=usr_4586 status=200 duration_ms=291
2024-03-14 09:13:43.212 INFO payment-client [us-east-1] cache hit key=cart:ORD-230773 ttl_remaining_s=30
2024-03-14 09:13:43.898 DEBUG cart-store [eu-west-1] emitted metric checkout.latency value=242 region=us-east-1
2024-03-14 09:13:44.162 INFO inventory [us-east-1] charge accepted order=ORD-561298 amount_cents=13915 currency=USD gateway_ref=ch_5734c8f8fc1d
2024-03-14 09:13:44.409 INFO inventory [eu-west-1] inventory reserved sku=SKU-2260 qty=2 order=ORD-496724
2024-03-14 09:13:44.988 INFO payment-client [us-east-1] inventory reserved sku=SKU-4478 qty=1 order=ORD-622758
2024-03-14 09:13:45.430 INFO cart-store [us-east-1] handled GET /v1/cart/ORD-747486 user=usr_6982 status=200 duration_ms=185
2024-03-14 09:13:45.651 INFO payment-client [eu-west-1] inventory reserved sku=SKU-1937 qty=1 order=ORD-224449
2024-03-14 09:13:46.531 DEBUG inventory [eu-west-1] emitted metric checkout.latency value=106 region=us-east-1
2024-03-14 09:13:46.992 INFO cart-store [eu-west-1] inventory reserved sku=SKU-8515 qty=4 order=ORD-521876
2024-03-14 09:13:47.663 INFO cart-store [eu-west-1] cache hit key=cart:ORD-753679 ttl_remaining_s=41
2024-03-14 09:13:47.829 INFO cart-store [eu-west-1] inventory reserved sku=SKU-1947 qty=4 order=ORD-195945
2024-03-14 09:13:48.709 INFO inventory [eu-west-1] charge accepted order=ORD-204643 amount_cents=9836 currency=USD gateway_ref=ch_524ceba88f77
2024-03-14 09:13:49.504 INFO checkout-api [ap-south-1] inventory reserved sku=SKU-9151 qty=2 order=ORD-892944
2024-03-14 09:13:49.696 DEBUG inventory [eu-west-1] emitted metric checkout.latency value=84 region=us-east-1
2024-03-14 09:13:49.940 DEBUG payment-client [eu-west-1] acquired connection pool=payment size=64 in_use=21 wait_ms=33
2024-03-14 09:13:50.778 DEBUG checkout-api [us-east-1] acquired connection pool=payment size=64 in_use=19 wait_ms=233
2024-03-14 09:13:51.099 INFO cart-store [us-east-1] inventory reserved sku=SKU-9506 qty=3 order=ORD-286665
2024-03-14 09:13:51.953 INFO cart-store [ap-south-1] handled POST /v1/checkout order=ORD-154093 user=usr_3162 status=200 duration_ms=286
2024-03-14 09:13:52.364 DEBUG checkout-api [us-east-1] acquired connection pool=payment size=64 in_use=36 wait_ms=178
2024-03-14 09:13:52.617 INFO inventory [us-east-1] handled GET /v1/cart/ORD-806220 user=usr_9832 status=200 duration_ms=167
2024-03-14 09:13:53.339 INFO inventory [ap-south-1] charge accepted order=ORD-853855 amount_cents=2727 currency=USD gateway_ref=ch_3915410185ec
2024-03-14 09:13:53.858 INFO payment-client [ap-south-1] cache hit key=cart:ORD-409920 ttl_remaining_s=6
2024-03-14 09:13:54.557 INFO inventory [eu-west-1] handled POST /v1/checkout order=ORD-868235 user=usr_4633 status=200 duration_ms=260
2024-03-14 09:13:55.235 INFO payment-client [us-east-1] inventory reserved sku=SKU-5811 qty=4 order=ORD-709418
2024-03-14 09:13:55.633 INFO inventory [eu-west-1] handled POST /v1/checkout order=ORD-574658 user=usr_8844 status=200 duration_ms=141
2024-03-14 09:13:55.918 DEBUG payment-client [eu-west-1] emitted metric checkout.latency value=91 region=us-east-1
2024-03-14 09:13:56.552 INFO cart-store [ap-south-1] cache hit key=cart:ORD-620786 ttl_remaining_s=33
2024-03-14 09:13:57.246 DEBUG cart-store [us-east-1] acquired connection pool=payment size=64 in_use=22 wait_ms=233
2024-03-14 09:13:57.967 INFO payment-client [us-east-1] handled GET /v1/cart/ORD-693873 user=usr_1789 status=200 duration_ms=111
2024-03-14 09:13:58.292 INFO inventory [eu-west-1] charge accepted order=ORD-973205 amount_cents=7616 currency=USD gateway_ref=ch_804ca69f64b4
2024-03-14 09:13:59.141 DEBUG payment-client [us-east-1] emitted metric checkout.latency value=38 region=ap-south-1
2024-03-14 09:13:59.415 INFO inventory [ap-south-1] handled GET /v1/cart/ORD-440321 user=usr_6751 status=200 duration_ms=52
2024-03-14 09:14:00.116 INFO inventory [ap-south-1] handled POST /v1/checkout order=ORD-852594 user=usr_5629 status=200 duration_ms=26
2024-03-14 09:14:00.597 DEBUG cart-store [ap-south-1] emitted metric checkout.latency value=203 region=us-east-1
2024-03-14 09:14:01.315 DEBUG inventory [eu-west-1] emitted metric checkout.latency value=60 region=ap-south-1
2024-03-14 09:14:02.157 DEBUG inventory [ap-south-1] emitted metric checkout.latency value=42 region=ap-south-1
2024-03-14 09:14:02.950 INFO payment-client [eu-west-1] charge accepted order=ORD-102346 amount_cents=23377 currency=USD gateway_ref=ch_19f9dc7d9ec6
2024-03-14 09:14:03.679 INFO checkout-api [eu-west-1] handled GET /v1/cart/ORD-311690 user=usr_5654 status=200 duration_ms=340
2024-03-14 09:14:03.905 INFO cart-store [us-east-1] charge accepted order=ORD-486195 amount_cents=12234 currency=USD gateway_ref=ch_2d1f95e1ecc3
2024-03-14 09:14:04.670 INFO checkout-api [us-east-1] charge accepted order=ORD-823139 amount_cents=15276 currency=USD gateway_ref=ch_59c19564bb53
2024-03-14 09:14:05.251 INFO payment-client [us-east-1] handled POST /v1/checkout order=ORD-208071 user=usr_4127 status=200 duration_ms=152
2024-03-14 09:14:05.375 INFO cart-store [ap-south-1] inventory reserved sku=SKU-4515 qty=1 order=ORD-853965
2024-03-14 09:14:05.765 INFO cart-store [eu-west-1] inventory reserved sku=SKU-4046 qty=4 order=ORD-388321
2024-03-14 09:14:06.112 INFO inventory [ap-south-1] handled POST /v1/checkout order=ORD-571437 user=usr_3502 status=200 duration_ms=224
2024-03-14 09:14:06.735 INFO payment-client [eu-west-1] handled POST /v1/checkout order=ORD-799719 user=usr_2318 status=200 duration_ms=270
2024-03-14 09:14:07.271 INFO payment-client [us-east-1] handled POST /v1/checkout order=ORD-147421 user=usr_7425 status=200 duration_ms=57
2024-03-14 09:14:08.130 INFO checkout-api [ap-south-1] handled POST /v1/checkout order=ORD-894696 user=usr_3153 status=200 duration_ms=53
2024-03-14 09:14:08.280 INFO checkout-api [us-east-1] inventory reserved sku=SKU-9884 qty=1 order=ORD-751037
2024-03-14 09:14:08.621 INFO inventory [us-east-1] charge accepted order=ORD-187377 amount_cents=14287 currency=USD gateway_ref=ch_59cb3e04d95f
2024-03-14 09:14:08.788 DEBUG payment-client [ap-south-1] acquired connection pool=payment size=64 in_use=17 wait_ms=133
2024-03-14 09:14:09.670 INFO cart-store [ap-south-1] handled POST /v1/checkout order=ORD-317569 user=usr_4818 status=200 duration_ms=274
2024-03-14 09:14:10.270 INFO cart-store [us-east-1] cache hit key=cart:ORD-541397 ttl_remaining_s=257
2024-03-14 09:14:10.558 DEBUG checkout-api [ap-south-1] emitted metric checkout.latency value=121 region=ap-south-1
2024-03-14 09:14:11.420 INFO cart-store [ap-south-1] inventory reserved sku=SKU-3924 qty=3 order=ORD-377169
2024-03-14 09:14:12.008 DEBUG inventory [ap-south-1] emitted metric checkout.latency value=118 region=eu-west-1
2024-03-14 09:14:12.738 INFO payment-client [eu-west-1] charge accepted order=ORD-776094 amount_cents=16158 currency=USD gateway_ref=ch_d5139d5c8b7e
2024-03-14 09:14:13.248 INFO inventory [ap-south-1] handled GET /v1/cart/ORD-342889 user=usr_7815 status=200 duration_ms=52
2024-03-14 09:14:13.701 INFO cart-store [ap-south-1] cache hit key=cart:ORD-654412 ttl_remaining_s=291
2024-03-14 09:14:14.551 INFO inventory [ap-south-1] handled GET /v1/cart/ORD-176172 user=usr_1532 status=200 duration_ms=57
2024-03-14 09:14:14.685 INFO checkout-api [ap-south-1] inventory reserved sku=SKU-4835 qty=4 order=ORD-278328
2024-03-14 09:14:15.286 INFO payment-client [us-east-1] inventory reserved sku=SKU-9224 qty=3 order=ORD-434924
2024-03-14 09:14:15.682 INFO checkout-api [ap-south-1] charge accepted order=ORD-622807 amount_cents=590 currency=USD gateway_ref=ch_29376c6062ac
2024-03-14 09:14:16.036 INFO inventory [eu-west-1] charge accepted order=ORD-971207 amount_cents=19000 currency=USD gateway_ref=ch_0d1a943d1ed2
2024-03-14 09:14:16.706 DEBUG inventory [eu-west-1] emitted metric checkout.latency value=330 region=us-east-1
2024-03-14 09:14:17.462 INFO checkout-api [us-east-1] charge accepted order=ORD-246182 amount_cents=11396 currency=USD gateway_ref=ch_263b37ff93ff
2024-03-14 09:14:17.884 INFO checkout-api [us-east-1] charge accepted order=ORD-112992 amount_cents=19376 currency=USD gateway_ref=ch_1856792c12c2
2024-03-14 09:14:18.369 INFO payment-client [us-east-1] charge accepted order=ORD-145508 amount_cents=9235 currency=USD gateway_ref=ch_a1e38167ce05
2024-03-14 09:14:18.954 INFO cart-store [us-east-1] inventory reserved sku=SKU-9275 qty=4 order=ORD-504929
2024-03-14 09:14:19.173 INFO cart-store [ap-south-1] handled GET /v1/cart/ORD-662247 user=usr_3121 status=200 duration_ms=283
2024-03-14 09:14:19.703 INFO inventory [us-east-1] charge accepted order=ORD-916579 amount_cents=20051 currency=USD gateway_ref=ch_bbefdd487b85
2024-03-14 09:14:20.402 INFO payment-client [eu-west-1] charge accepted order=ORD-213268 amount_cents=22163 currency=USD gateway_ref=ch_a676633f97be
2024-03-14 09:14:21.297 DEBUG payment-client [us-east-1] emitted metric checkout.latency value=178 region=us-east-1
2024-03-14 09:14:22.109 INFO cart-store [us-east-1] handled POST /v1/checkout order=ORD-150154 user=usr_2706 status=200 duration_ms=286
2024-03-14 09:14:22.408 INFO inventory [eu-west-1] cache hit key=cart:ORD-192765 ttl_remaining_s=150
2024-03-14 09:14:23.028 INFO inventory [us-east-1] charge accepted order=ORD-675671 amount_cents=6241 currency=USD gateway_ref=ch_8e3958532cf2
2024-03-14 09:14:23.281 INFO inventory [ap-south-1] handled GET /v1/cart/ORD-251714 user=usr_9582 status=200 duration_ms=75
2024-03-14 09:14:24.104 INFO checkout-api [us-east-1] cache hit key=cart:ORD-861632 ttl_remaining_s=176
2024-03-14 09:14:24.590 INFO payment-client [us-east-1] inventory reserved sku=SKU-8810 qty=2 order=ORD-731100
2024-03-14 09:14:25.101 INFO checkout-api [ap-south-1] handled POST /v1/checkout order=ORD-656866 user=usr_4094 status=200 duration_ms=96
2024-03-14 09:14:25.235 DEBUG cart-store [us-east-1] emitted metric checkout.latency value=166 region=us-east-1
2024-03-14 09:14:25.822 INFO inventory [eu-west-1] handled POST /v1/checkout order=ORD-193672 user=usr_1691 status=200 duration_ms=24
2024-03-14 09:14:26.276 INFO inventory [ap-south-1] inventory reserved sku=SKU-1286 qty=2 order=ORD-462158
2024-03-14 09:14:26.657 DEBUG payment-client [eu-west-1] emitted metric checkout.latency value=260 region=us-east-1
2024-03-14 09:14:26.817 INFO checkout-api [ap-south-1] handled GET /v1/cart/ORD-780157 user=usr_2637 status=200 duration_ms=211
2024-03-14 09:14:27.704 INFO payment-client [ap-south-1] inventory reserved sku=SKU-3274 qty=3 order=ORD-374410
2024-03-14 09:14:27.903 INFO cart-store [eu-west-1] handled GET /v1/cart/ORD-696650 user=usr_8041 status=200 duration_ms=48
2024-03-14 09:14:28.668 DEBUG checkout-api [ap-south-1] emitted metric checkout.latency value=142 region=us-east-1
2024-03-14 09:14:28.880 INFO checkout-api [eu-west-1] inventory reserved sku=SKU-7668 qty=2 order=ORD-285372
2024-03-14 09:14:29.390 DEBUG cart-store [eu-west-1] acquired connection pool=payment size=64 in_use=4 wait_ms=266
2024-03-14 09:14:30.007 INFO cart-store [us-east-1] handled POST /v1/checkout order=ORD-766975 user=usr_2232 status=200 duration_ms=119
2024-03-14 09:14:30.358 INFO cart-store [eu-west-1] cache hit key=cart:ORD-239347 ttl_remaining_s=158
2024-03-14 09:14:30.483 DEBUG cart-store [us-east-1] acquired connection pool=payment size=64 in_use=3 wait_ms=50
2024-03-14 09:14:30.811 DEBUG payment-client [us-east-1] emitted metric checkout.latency value=272 region=eu-west-1
2024-03-14 09:14:31.269 INFO cart-store [ap-south-1] inventory reserved sku=SKU-1750 qty=4 order=ORD-760319
2024-03-14 09:14:32.030 INFO inventory [eu-west-1] handled GET /v1/cart/ORD-577147 user=usr_5375 status=200 duration_ms=164
2024-03-14 09:14:32.275 DEBUG payment-client [us-east-1] emitted metric checkout.latency value=298 region=us-east-1
2024-03-14 09:14:33.162 INFO inventory [us-east-1] inventory reserved sku=SKU-9655 qty=4 order=ORD-810681
2024-03-14 09:14:33.608 INFO inventory [us-east-1] charge accepted order=ORD-996855 amount_cents=8012 currency=USD gateway_ref=ch_718ad2bde997
2024-03-14 09:14:33.884 INFO checkout-api [ap-south-1] handled POST /v1/checkout order=ORD-180229 user=usr_8127 status=200 duration_ms=185
2024-03-14 09:14:34.061 INFO cart-store [us-east-1] handled GET /v1/cart/ORD-234571 user=usr_1644 status=200 duration_ms=254
2024-03-14 09:14:34.296 INFO payment-client [ap-south-1] charge accepted order=ORD-919200 amount_cents=11797 currency=USD gateway_ref=ch_a37111e7f64f
2024-03-14 09:14:34.948 DEBUG payment-client [us-east-1] emitted metric checkout.latency value=123 region=ap-south-1
2024-03-14 09:14:35.241 INFO checkout-api [us-east-1] cache hit key=cart:ORD-902719 ttl_remaining_s=91
2024-03-14 09:14:35.364 INFO payment-client [eu-west-1] cache hit key=cart:ORD-587323 ttl_remaining_s=60
2024-03-14 09:14:35.652 DEBUG inventory [us-east-1] acquired connection pool=payment size=64 in_use=41 wait_ms=333
2024-03-14 09:14:36.551 DEBUG payment-client [eu-west-1] acquired connection pool=payment size=64 in_use=47 wait_ms=117
2024-03-14 09:14:36.832 INFO payment-client [eu-west-1] inventory reserved sku=SKU-1596 qty=4 order=ORD-496969
2024-03-14 09:14:37.351 INFO payment-client [eu-west-1] handled GET /v1/cart/ORD-587386 user=usr_4842 status=200 duration_ms=180
2024-03-14 09:14:38.163 INFO cart-store [ap-south-1] handled POST /v1/checkout order=ORD-139371 user=usr_1303 status=200 duration_ms=163
2024-03-14 09:14:39.058 INFO cart-store [us-east-1] cache hit key=cart:ORD-939311 ttl_remaining_s=20
2024-03-14 09:14:39.745 INFO checkout-api [us-east-1] charge accepted order=ORD-191492 amount_cents=3548 currency=USD gateway_ref=ch_a0f0e5cee351
2024-03-14 09:14:40.373 INFO payment-client [ap-south-1] handled POST /v1/checkout order=ORD-151903 user=usr_3791 status=200 duration_ms=78
2024-03-14 09:14:41.025 INFO inventory [eu-west-1] charge accepted order=ORD-187032 amount_cents=20656 currency=USD gateway_ref=ch_5acbad93371e
2024-03-14 09:14:41.431 INFO cart-store [ap-south-1] handled GET /v1/cart/ORD-921108 user=usr_2178 status=200 duration_ms=243
2024-03-14 09:14:42.247 INFO checkout-api [ap-south-1] cache hit key=cart:ORD-443484 ttl_remaining_s=246
2024-03-14 09:14:42.493 INFO payment-client [ap-south-1] handled POST /v1/checkout order=ORD-350890 user=usr_9065 status=200 duration_ms=232
2024-03-14 09:14:42.937 DEBUG inventory [us-east-1] emitted metric checkout.latency value=272 region=us-east-1
2024-03-14 09:14:43.057 INFO cart-store [ap-south-1] charge accepted order=ORD-171033 amount_cents=23076 currency=USD gateway_ref=ch_49b19c602c8f
2024-03-14 09:14:43.274 INFO inventory [ap-south-1] handled POST /v1/checkout order=ORD-939116 user=usr_6177 status=200 duration_ms=270
2024-03-14 09:14:43.883 INFO inventory [eu-west-1] cache hit key=cart:ORD-263204 ttl_remaining_s=289
2024-03-14 09:14:44.480 INFO inventory [eu-west-1] charge accepted order=ORD-187616 amount_cents=513 currency=USD gateway_ref=ch_04b3a1972cfa
2024-03-14 09:14:44.660 INFO cart-store [ap-south-1] handled POST /v1/checkout order=ORD-991622 user=usr_2938 status=200 duration_ms=117
2024-03-14 09:14:45.370 INFO checkout-api [us-east-1] inventory reserved sku=SKU-1022 qty=2 order=ORD-645167
2024-03-14 09:14:45.685 INFO checkout-api [eu-west-1] cache hit key=cart:ORD-352871 ttl_remaining_s=17
2024-03-14 09:14:46.324 INFO checkout-api [ap-south-1] handled GET /v1/cart/ORD-957644 user=usr_5593 status=200 duration_ms=328
2024-03-14 09:14:46.834 DEBUG checkout-api [ap-south-1] emitted metric checkout.latency value=264 region=eu-west-1
2024-03-14 09:14:47.597 DEBUG cart-store [eu-west-1] acquired connection pool=payment size=64 in_use=35 wait_ms=44
2024-03-14 09:14:47.994 INFO payment-client [ap-south-1] inventory reserved sku=SKU-8790 qty=1 order=ORD-574369
2024-03-14 09:14:48.500 INFO payment-client [us-east-1] inventory reserved sku=SKU-3144 qty=2 order=ORD-589445
2024-03-14 09:14:49.131 INFO checkout-api [us-east-1] cache hit key=cart:ORD-518487 ttl_remaining_s=125
2024-03-14 09:14:49.284 INFO checkout-api [us-east-1] inventory reserved sku=SKU-5696 qty=4 order=ORD-539807
2024-03-14 09:14:49.918 INFO checkout-api [us-east-1] handled GET /v1/cart/ORD-482258 user=usr_3820 status=200 duration_ms=25
2024-03-14 09:14:50.582 DEBUG inventory [us-east-1] emitted metric checkout.latency value=290 region=us-east-1
2024-03-14 09:14:50.945 INFO inventory [us-east-1] inventory reserved sku=SKU-9733 qty=2 order=ORD-254337
2024-03-14 09:14:51.609 INFO payment-client [us-east-1] cache hit key=cart:ORD-731783 ttl_remaining_s=171
2024-03-14 09:14:52.473 INFO checkout-api [eu-west-1] charge accepted order=ORD-696137 amount_cents=9464 currency=USD gateway_ref=ch_f40ec9951830
2024-03-14 09:14:53.058 INFO inventory [ap-south-1] inventory reserved sku=SKU-1645 qty=3 order=ORD-696505
2024-03-14 09:14:53.425 DEBUG cart-store [eu-west-1] emitted metric checkout.latency value=293 region=us-east-1
2024-03-14 09:14:53.789 INFO checkout-api [eu-west-1] inventory reserved sku=SKU-5599 qty=4 order=ORD-945183
2024-03-14 09:14:54.194 INFO cart-store [us-east-1] handled GET /v1/cart/ORD-703537 user=usr_8084 status=200 duration_ms=151
2024-03-14 09:14:54.386 INFO inventory [us-east-1] charge accepted order=ORD-640472 amount_cents=11182 currency=USD gateway_ref=ch_8b7ac3ff5d98
2024-03-14 09:14:55.107 INFO cart-store [us-east-1] inventory reserved sku=SKU-3115 qty=1 order=ORD-198848
2024-03-14 09:14:55.982 INFO inventory [us-east-1] handled POST /v1/checkout order=ORD-739579 user=usr_1978 status=200 duration_ms=24
2024-03-14 09:14:56.264 INFO cart-store [us-east-1] handled POST /v1/checkout order=ORD-826264 user=usr_7486 status=200 duration_ms=143
2024-03-14 09:14:56.416 INFO checkout-api [eu-west-1] handled POST /v1/checkout order=ORD-242473 user=usr_8020 status=200 duration_ms=125
2024-03-14 09:14:57.288 INFO cart-store [us-east-1] cache hit key=cart:ORD-750752 ttl_remaining_s=257
2024-03-14 09:14:57.877 INFO payment-client [eu-west-1] inventory reserved sku=SKU-6340 qty=3 order=ORD-279988
2024-03-14 09:14:58.380 INFO inventory [ap-south-1] charge accepted order=ORD-626009 amount_cents=12990 currency=USD gateway_ref=ch_fb1ace6c1038
2024-03-14 09:14:58.536 INFO inventory [eu-west-1] handled POST /v1/checkout order=ORD-818742 user=usr_8847 status=200 duration_ms=41
2024-03-14 09:14:59.221 INFO checkout-api [ap-south-1] handled GET /v1/cart/ORD-514138 user=usr_4180 status=200 duration_ms=166
2024-03-14 09:14:59.518 INFO checkout-api [us-east-1] handled POST /v1/checkout order=ORD-835766 user=usr_8060 status=200 duration_ms=304
2024-03-14 09:14:59.880 DEBUG payment-client [eu-west-1] acquired connection pool=payment size=64 in_use=33 wait_ms=69
2024-03-14 09:15:00.378 INFO inventory [ap-south-1] inventory reserved sku=SKU-8358 qty=3 order=ORD-883471
2024-03-14 09:15:01.016 DEBUG payment-client [ap-south-1] emitted metric checkout.latency value=206 region=ap-south-1
2024-03-14 09:15:01.397 DEBUG inventory [eu-west-1] acquired connection pool=payment size=64 in_use=9 wait_ms=224
2024-03-14 09:15:01.987 INFO inventory [ap-south-1] cache hit key=cart:ORD-975976 ttl_remaining_s=217
2024-03-14 09:15:02.589 DEBUG cart-store [ap-south-1] emitted metric checkout.latency value=307 region=eu-west-1
2024-03-14 09:15:02.829 DEBUG payment-client [eu-west-1] emitted metric checkout.latency value=316 region=eu-west-1
2024-03-14 09:15:03.519 INFO checkout-api [us-east-1] inventory reserved sku=SKU-2190 qty=4 order=ORD-418165
2024-03-14 09:15:04.322 DEBUG checkout-api [us-east-1] emitted metric checkout.latency value=320 region=ap-south-1
2024-03-14 09:15:04.743 INFO checkout-api [us-east-1] inventory reserved sku=SKU-5939 qty=4 order=ORD-693353
2024-03-14 09:15:04.945 INFO inventory [us-east-1] charge accepted order=ORD-423614 amount_cents=13021 currency=USD gateway_ref=ch_fa13165a2ac4
2024-03-14 09:15:05.556 INFO cart-store [us-east-1] cache hit key=cart:ORD-446662 ttl_remaining_s=65
2024-03-14 09:15:06.137 INFO cart-store [ap-south-1] handled GET /v1/cart/ORD-929227 user=usr_8913 status=200 duration_ms=140
2024-03-14 09:15:06.930 INFO checkout-api [eu-west-1] handled GET /v1/cart/ORD-181015 user=usr_3969 status=200 duration_ms=27
2024-03-14 09:15:07.196 INFO inventory [us-east-1] charge accepted order=ORD-534264 amount_cents=7569 currency=USD gateway_ref=ch_6705c0032054
2024-03-14 09:15:07.325 INFO payment-client [us-east-1] charge accepted order=ORD-901347 amount_cents=10466 currency=USD gateway_ref=ch_11aa41052361
2024-03-14 09:15:07.960 INFO payment-client [us-east-1] cache hit key=cart:ORD-850898 ttl_remaining_s=199
2024-03-14 09:15:08.558 INFO inventory [ap-south-1] charge accepted order=ORD-433766 amount_cents=11171 currency=USD gateway_ref=ch_e2672bde429c
2024-03-14 09:15:08.792 DEBUG inventory [us-east-1] emitted metric checkout.latency value=244 region=eu-west-1
2024-03-14 09:15:09.052 DEBUG checkout-api [eu-west-1] acquired connection pool=payment size=64 in_use=34 wait_ms=173
2024-03-14 09:15:09.312 DEBUG payment-client [ap-south-1] emitted metric checkout.latency value=198 region=ap-south-1
2024-03-14 09:15:09.815 DEBUG payment-client [ap-south-1] acquired connection pool=payment size=64 in_use=48 wait_ms=102
2024-03-14 09:15:10.530 DEBUG payment-client [ap-south-1] emitted metric checkout.latency value=140 region=eu-west-1
2024-03-14 09:15:10.709 DEBUG payment-client [us-east-1] emitted metric checkout.latency value=182 region=ap-south-1
2024-03-14 09:15:11.298 INFO cart-store [us-east-1] charge accepted order=ORD-558665 amount_cents=9046 currency=USD gateway_ref=ch_e51ac1be3b16
2024-03-14 09:15:11.497 INFO cart-store [us-east-1] inventory reserved sku=SKU-4992 qty=4 order=ORD-413126
2024-03-14 09:15:11.934 INFO cart-store [eu-west-1] charge accepted order=ORD-790308 amount_cents=1067 currency=USD gateway_ref=ch_c45d9fdb480c
2024-03-14 09:15:12.094 DEBUG cart-store [us-east-1] acquired connection pool=payment size=64 in_use=57 wait_ms=73
2024-03-14 09:15:12.614 DEBUG payment-client [us-east-1] acquired connection pool=payment size=64 in_use=43 wait_ms=223
2024-03-14 09:15:13.147 INFO cart-store [ap-south-1] handled GET /v1/cart/ORD-121797 user=usr_4041 status=200 duration_ms=265
2024-03-14 09:15:14.035 INFO payment-client [eu-west-1] inventory reserved sku=SKU-8073 qty=4 order=ORD-560961
2024-03-14 09:15:14.553 INFO cart-store [us-east-1] handled POST /v1/checkout order=ORD-961080 user=usr_1748 status=200 duration_ms=317
2024-03-14 09:15:14.939 INFO checkout-api [ap-south-1] handled GET /v1/cart/ORD-348153 user=usr_1212 status=200 duration_ms=68
2024-03-14 09:15:15.291 DEBUG checkout-api [eu-west-1] acquired connection pool=payment size=64 in_use=48 wait_ms=202
2024-03-14 09:15:15.718 DEBUG checkout-api [us-east-1] acquired connection pool=payment size=64 in_use=3 wait_ms=112
2024-03-14 09:15:16.066 DEBUG inventory [ap-south-1] emitted metric checkout.latency value=214 region=eu-west-1
2024-03-14 09:15:16.749 DEBUG cart-store [ap-south-1] emitted metric checkout.latency value=279 region=ap-south-1
2024-03-14 09:15:17.039 INFO inventory [eu-west-1] handled GET /v1/cart/ORD-622271 user=usr_3162 status=200 duration_ms=24
2024-03-14 09:15:17.861 DEBUG payment-client [eu-west-1] emitted metric checkout.latency value=286 region=us-east-1
2024-03-14 09:15:18.573 INFO payment-client [eu-west-1] charge accepted order=ORD-408723 amount_cents=19891 currency=USD gateway_ref=ch_32617dff25ba
2024-03-14 09:15:18.923 INFO checkout-api [us-east-1] charge accepted order=ORD-615403 amount_cents=1507 currency=USD gateway_ref=ch_402cf1710b3c
2024-03-14 09:15:19.649 INFO cart-store [eu-west-1] inventory reserved sku=SKU-4246 qty=4 order=ORD-421663
2024-03-14 09:15:20.254 INFO inventory [eu-west-1] charge accepted order=ORD-123923 amount_cents=9925 currency=USD gateway_ref=ch_14759343137e
2024-03-14 09:15:20.498 INFO checkout-api [eu-west-1] charge accepted order=ORD-918152 amount_cents=24066 currency=USD gateway_ref=ch_b674a0f3ca99
2024-03-14 09:15:20.671 INFO checkout-api [ap-south-1] cache hit key=cart:ORD-733243 ttl_remaining_s=173
2024-03-14 09:15:21.338 DEBUG payment-client [us-east-1] acquired connection pool=payment size=64 in_use=23 wait_ms=68
2024-03-14 09:15:22.154 DEBUG payment-client [eu-west-1] emitted metric checkout.latency value=160 region=ap-south-1
2024-03-14 09:15:22.980 INFO checkout-api [eu-west-1] cache hit key=cart:ORD-396836 ttl_remaining_s=83
2024-03-14 09:15:23.215 DEBUG cart-store [ap-south-1] emitted metric checkout.latency value=202 region=ap-south-1
2024-03-14 09:15:23.572 DEBUG cart-store [ap-south-1] emitted metric checkout.latency value=32 region=eu-west-1
2024-03-14 09:15:23.749 INFO checkout-api [us-east-1] handled GET /v1/cart/ORD-392594 user=usr_8080 status=200 duration_ms=50
2024-03-14 09:15:23.958 DEBUG payment-client [eu-west-1] emitted metric checkout.latency value=262 region=ap-south-1
2024-03-14 09:15:24.289 INFO checkout-api [eu-west-1] handled GET /v1/cart/ORD-524947 user=usr_8865 status=200 duration_ms=111
2024-03-14 09:15:24.875 INFO payment-client [ap-south-1] handled GET /v1/cart/ORD-909438 user=usr_2418 status=200 duration_ms=104
2024-03-14 09:15:25.634 INFO cart-store [us-east-1] cache hit key=cart:ORD-457017 ttl_remaining_s=187
2024-03-14 09:15:26.307 INFO checkout-api [eu-west-1] cache hit key=cart:ORD-944374 ttl_remaining_s=249
2024-03-14 09:15:27.080 INFO checkout-api [us-east-1] charge accepted order=ORD-194970 amount_cents=5556 currency=USD gateway_ref=ch_7be31595f22f
2024-03-14 09:15:27.719 INFO inventory [eu-west-1] handled POST /v1/checkout order=ORD-704466 user=usr_7527 status=200 duration_ms=328
2024-03-14 09:15:28.359 INFO cart-store [eu-west-1] handled GET /v1/cart/ORD-977519 user=usr_5321 status=200 duration_ms=330
2024-03-14 09:15:28.849 INFO cart-store [eu-west-1] cache hit key=cart:ORD-799996 ttl_remaining_s=132
2024-03-14 09:15:29.259 INFO inventory [ap-south-1] cache hit key=cart:ORD-490011 ttl_remaining_s=84
2024-03-14 09:15:29.790 DEBUG cart-store [ap-south-1] emitted metric checkout.latency value=187 region=eu-west-1
2024-03-14 09:15:30.673 DEBUG cart-store [eu-west-1] emitted metric checkout.latency value=183 region=ap-south-1
2024-03-14 09:15:31.438 INFO inventory [eu-west-1] handled GET /v1/cart/ORD-313513 user=usr_9895 status=200 duration_ms=270
2024-03-14 09:15:31.624 DEBUG inventory [ap-south-1] acquired connection pool=payment size=64 in_use=53 wait_ms=24
2024-03-14 09:15:31.776 INFO payment-client [us-east-1] charge accepted order=ORD-491313 amount_cents=13033 currency=USD gateway_ref=ch_cef8750e9c50
2024-03-14 09:15:32.094 DEBUG checkout-api [ap-south-1] acquired connection pool=payment size=64 in_use=9 wait_ms=143
2024-03-14 09:15:32.445 INFO cart-store [us-east-1] charge accepted order=ORD-140846 amount_cents=19945 currency=USD gateway_ref=ch_9c810be11a35
2024-03-14 09:15:32.898 DEBUG cart-store [eu-west-1] acquired connection pool=payment size=64 in_use=25 wait_ms=244
2024-03-14 09:15:33.156 INFO inventory [ap-south-1] charge accepted order=ORD-661369 amount_cents=14823 currency=USD gateway_ref=ch_b4a4668ab8f7
2024-03-14 09:15:33.614 INFO inventory [us-east-1] handled GET /v1/cart/ORD-835783 user=usr_6399 status=200 duration_ms=309
2024-03-14 09:15:33.829 DEBUG inventory [ap-south-1] acquired connection pool=payment size=64 in_use=31 wait_ms=238
2024-03-14 09:15:34.357 INFO cart-store [ap-south-1] inventory reserved sku=SKU-1548 qty=1 order=ORD-496854
2024-03-14 09:15:35.226 INFO inventory [ap-south-1] cache hit key=cart:ORD-249764 ttl_remaining_s=77
2024-03-14 09:15:35.731 INFO inventory [eu-west-1] handled POST /v1/checkout order=ORD-724287 user=usr_1308 status=200 duration_ms=42
2024-03-14 09:15:35.929 INFO cart-store [us-east-1] cache hit key=cart:ORD-262873 ttl_remaining_s=96
2024-03-14 09:15:36.226 INFO checkout-api [us-east-1] handled GET /v1/cart/ORD-208026 user=usr_6033 status=200 duration_ms=101
2024-03-14 09:15:36.850 INFO checkout-api [us-east-1] inventory reserved sku=SKU-8434 qty=2 order=ORD-254132
2024-03-14 09:15:37.567 INFO payment-client [us-east-1] inventory reserved sku=SKU-1694 qty=3 order=ORD-603443
2024-03-14 09:15:38.386 INFO payment-client [ap-south-1] cache hit key=cart:ORD-345286 ttl_remaining_s=179
2024-03-14 09:15:38.806 INFO inventory [eu-west-1] handled POST /v1/checkout order=ORD-949044 user=usr_2655 status=200 duration_ms=169
2024-03-14 09:15:39.496 INFO checkout-api [ap-south-1] charge accepted order=ORD-878194 amount_cents=23884 currency=USD gateway_ref=ch_95451c748586
2024-03-14 09:15:39.657 INFO inventory [ap-south-1] handled POST /v1/checkout order=ORD-649525 user=usr_3775 status=200 duration_ms=223
2024-03-14 09:15:40.323 DEBUG cart-store [us-east-1] emitted metric checkout.latency value=74 region=eu-west-1
2024-03-14 09:15:40.862 INFO inventory [us-east-1] cache hit key=cart:ORD-836730 ttl_remaining_s=287
2024-03-14 09:15:41.240 DEBUG inventory [ap-south-1] emitted metric checkout.latency value=122 region=us-east-1
2024-03-14 09:15:41.883 INFO checkout-api [eu-west-1] cache hit key=cart:ORD-990680 ttl_remaining_s=142
2024-03-14 09:15:42.112 INFO cart-store [eu-west-1] charge accepted order=ORD-532306 amount_cents=6659 currency=USD gateway_ref=ch_d7497bbe90c3
2024-03-14 09:15:42.953 INFO inventory [us-east-1] handled POST /v1/checkout order=ORD-710230 user=usr_7686 status=200 duration_ms=77
2024-03-14 09:15:43.299 INFO inventory [ap-south-1] charge accepted order=ORD-487313 amount_cents=20943 currency=USD gateway_ref=ch_3f609789496e
2024-03-14 09:15:43.644 DEBUG payment-client [ap-south-1] acquired connection pool=payment size=64 in_use=59 wait_ms=23
2024-03-14 09:15:43.871 INFO payment-client [ap-south-1] charge accepted order=ORD-823546 amount_cents=12288 currency=USD gateway_ref=ch_13cb8c89ed41
2024-03-14 09:15:44.269 INFO cart-store [eu-west-1] handled POST /v1/checkout order=ORD-221050 user=usr_1260 status=200 duration_ms=146
2024-03-14 09:15:44.415 INFO payment-client [ap-south-1] cache hit key=cart:ORD-313253 ttl_remaining_s=204
2024-03-14 09:15:45.159 INFO cart-store [us-east-1] handled GET /v1/cart/ORD-487964 user=usr_8878 status=200 duration_ms=61
2024-03-14 09:15:45.423 DEBUG cart-store [ap-south-1] acquired connection pool=payment size=64 in_use=26 wait_ms=240
2024-03-14 09:15:46.045 DEBUG cart-store [us-east-1] acquired connection pool=payment size=64 in_use=49 wait_ms=32
2024-03-14 09:15:46.433 INFO payment-client [us-east-1] handled POST /v1/checkout order=ORD-132507 user=usr_3392 status=200 duration_ms=242
2024-03-14 09:15:47.264 INFO checkout-api [eu-west-1] cache hit key=cart:ORD-205488 ttl_remaining_s=146
2024-03-14 09:15:47.540 INFO checkout-api [us-east-1] inventory reserved sku=SKU-8208 qty=3 order=ORD-183126
2024-03-14 09:15:47.743 DEBUG cart-store [eu-west-1] acquired connection pool=payment size=64 in_use=45 wait_ms=23
2024-03-14 09:15:48.378 INFO checkout-api [eu-west-1] cache hit key=cart:ORD-703765 ttl_remaining_s=79
2024-03-14 09:15:49.094 INFO checkout-api [ap-south-1] charge accepted order=ORD-923150 amount_cents=17720 currency=USD gateway_ref=ch_54351eb51d83
2024-03-14 09:15:49.609 DEBUG cart-store [us-east-1] emitted metric checkout.latency value=29 region=ap-south-1
2024-03-14 09:15:50.142 INFO inventory [us-east-1] handled POST /v1/checkout order=ORD-106823 user=usr_2497 status=200 duration_ms=54
2024-03-14 09:15:50.375 DEBUG checkout-api [ap-south-1] emitted metric checkout.latency value=61 region=ap-south-1
2024-03-14 09:15:51.039 INFO inventory [eu-west-1] cache hit key=cart:ORD-908429 ttl_remaining_s=86
2024-03-14 09:15:51.244 INFO checkout-api [us-east-1] handled POST /v1/checkout order=ORD-389985 user=usr_8846 status=200 duration_ms=272
2024-03-14 09:15:51.787 INFO payment-client [ap-south-1] handled GET /v1/cart/ORD-404312 user=usr_1884 status=200 duration_ms=317
2024-03-14 09:15:52.445 DEBUG cart-store [us-east-1] acquired connection pool=payment size=64 in_use=53 wait_ms=212
2024-03-14 09:15:53.065 INFO checkout-api [us-east-1] cache hit key=cart:ORD-733625 ttl_remaining_s=188
2024-03-14 09:15:53.559 DEBUG cart-store [us-east-1] acquired connection pool=payment size=64 in_use=8 wait_ms=211
2024-03-14 09:15:53.692 INFO payment-client [us-east-1] inventory reserved sku=SKU-9337 qty=1 order=ORD-533767
2024-03-14 09:15:54.573 INFO inventory [ap-south-1] cache hit key=cart:ORD-236450 ttl_remaining_s=139
2024-03-14 09:15:55.296 INFO cart-store [ap-south-1] handled POST /v1/checkout order=ORD-535282 user=usr_5378 status=200 duration_ms=110
2024-03-14 09:15:55.608 DEBUG payment-client [ap-south-1] acquired connection pool=payment size=64 in_use=54 wait_ms=188
2024-03-14 09:15:56.009 INFO payment-client [ap-south-1] inventory reserved sku=SKU-3632 qty=2 order=ORD-422131
2024-03-14 09:15:56.263 INFO inventory [us-east-1] cache hit key=cart:ORD-203478 ttl_remaining_s=275
2024-03-14 09:15:56.871 INFO inventory [eu-west-1] charge accepted order=ORD-232008 amount_cents=17860 currency=USD gateway_ref=ch_6aec38c64b4e
2024-03-14 09:15:57.760 INFO payment-client [ap-south-1] handled POST /v1/checkout order=ORD-599088 user=usr_6567 status=200 duration_ms=310
2024-03-14 09:15:58.089 INFO inventory [us-east-1] cache hit key=cart:ORD-179554 ttl_remaining_s=268
2024-03-14 09:15:58.209 DEBUG payment-client [ap-south-1] emitted metric checkout.latency value=82 region=us-east-1
2024-03-14 09:15:58.974 INFO payment-client [eu-west-1] charge accepted order=ORD-249137 amount_cents=17781 currency=USD gateway_ref=ch_949c70f3a138
2024-03-14 09:15:59.201 INFO checkout-api [us-east-1] charge accepted order=ORD-838189 amount_cents=22511 currency=USD gateway_ref=ch_0a4468bd9299
2024-03-14 09:15:59.957 INFO cart-store [ap-south-1] cache hit key=cart:ORD-419591 ttl_remaining_s=141
2024-03-14 09:16:00.119 INFO checkout-api [us-east-1] handled GET /v1/cart/ORD-989181 user=usr_3214 status=200 duration_ms=275
2024-03-14 09:16:01.016 INFO payment-client [ap-south-1] inventory reserved sku=SKU-9218 qty=3 order=ORD-805055
2024-03-14 09:16:01.856 INFO inventory [eu-west-1] charge accepted order=ORD-278281 amount_cents=16513 currency=USD gateway_ref=ch_55c5e45e1dbc
2024-03-14 09:16:02.436 INFO payment-client [us-east-1] cache hit key=cart:ORD-851104 ttl_remaining_s=25
2024-03-14 09:16:02.709 INFO inventory [us-east-1] handled POST /v1/checkout order=ORD-260752 user=usr_6515 status=200 duration_ms=265
2024-03-14 09:16:03.444 INFO inventory [us-east-1] inventory reserved sku=SKU-7132 qty=2 order=ORD-789043
2024-03-14 09:16:04.131 DEBUG checkout-api [us-east-1] emitted metric checkout.latency value=220 region=us-east-1
2024-03-14 09:16:04.907 INFO checkout-api [ap-south-1] cache hit key=cart:ORD-676524 ttl_remaining_s=292
2024-03-14 09:16:05.583 DEBUG inventory [eu-west-1] acquired connection pool=payment size=64 in_use=4 wait_ms=207
2024-03-14 09:16:06.285 DEBUG payment-client [ap-south-1] emitted metric checkout.latency value=60 region=us-east-1
2024-03-14 09:16:06.749 INFO cart-store [us-east-1] inventory reserved sku=SKU-1869 qty=2 order=ORD-930183
2024-03-14 09:16:07.384 INFO inventory [eu-west-1] inventory reserved sku=SKU-6822 qty=3 order=ORD-633706
2024-03-14 09:16:07.539 INFO cart-store [ap-south-1] cache hit key=cart:ORD-982192 ttl_remaining_s=8
2024-03-14 09:16:08.051 DEBUG payment-client [ap-south-1] emitted metric checkout.latency value=285 region=us-east-1
2024-03-14 09:16:08.728 DEBUG checkout-api [eu-west-1] acquired connection pool=payment size=64 in_use=34 wait_ms=165
2024-03-14 09:16:09.343 INFO inventory [eu-west-1] inventory reserved sku=SKU-4734 qty=1 order=ORD-226565
2024-03-14 09:16:09.928 DEBUG checkout-api [ap-south-1] acquired connection pool=payment size=64 in_use=24 wait_ms=110
2024-03-14 09:16:10.184 DEBUG payment-client [eu-west-1] emitted metric checkout.latency value=280 region=us-east-1
2024-03-14 09:16:10.588 INFO payment-client [us-east-1] handled POST /v1/checkout order=ORD-761211 user=usr_8685 status=200 duration_ms=42
2024-03-14 09:16:10.814 INFO checkout-api [eu-west-1] cache hit key=cart:ORD-194664 ttl_remaining_s=34
2024-03-14 09:16:11.219 INFO checkout-api [us-east-1] handled POST /v1/checkout order=ORD-419831 user=usr_6355 status=200 duration_ms=40
2024-03-14 09:16:11.428 DEBUG cart-store [ap-south-1] emitted metric checkout.latency value=77 region=us-east-1
2024-03-14 09:16:11.939 INFO payment-client [ap-south-1] handled GET /v1/cart/ORD-953688 user=usr_4248 status=200 duration_ms=209
2024-03-14 09:16:12.590 INFO checkout-api [us-east-1] charge accepted order=ORD-109627 amount_cents=14412 currency=USD gateway_ref=ch_c51132a8af57
2024-03-14 09:16:12.760 DEBUG cart-store [us-east-1] emitted metric checkout.latency value=337 region=eu-west-1
2024-03-14 09:16:13.363 INFO inventory [eu-west-1] inventory reserved sku=SKU-6138 qty=1 order=ORD-264218
2024-03-14 09:16:13.549 INFO cart-store [ap-south-1] handled POST /v1/checkout order=ORD-362960 user=usr_8616 status=200 duration_ms=164
2024-03-14 09:16:14.406 DEBUG inventory [eu-west-1] emitted metric checkout.latency value=65 region=eu-west-1
2024-03-14 09:16:14.767 INFO cart-store [ap-south-1] handled POST /v1/checkout order=ORD-694710 user=usr_2341 status=200 duration_ms=25
2024-03-14 09:16:15.384 DEBUG payment-client [ap-south-1] emitted metric checkout.latency value=248 region=ap-south-1
2024-03-14 09:16:15.673 INFO checkout-api [ap-south-1] handled POST /v1/checkout order=ORD-705914 user=usr_6249 status=200 duration_ms=224
2024-03-14 09:16:16.097 INFO payment-client [us-east-1] handled GET /v1/cart/ORD-753954 user=usr_6032 status=200 duration_ms=237
2024-03-14 09:16:16.985 INFO checkout-api [eu-west-1] cache hit key=cart:ORD-366578 ttl_remaining_s=42
2024-03-14 09:16:17.610 INFO inventory [ap-south-1] cache hit key=cart:ORD-321670 ttl_remaining_s=245
2024-03-14 09:16:18.282 INFO checkout-api [us-east-1] handled GET /v1/cart/ORD-694524 user=usr_3808 status=200 duration_ms=35
2024-03-14 09:16:18.709 INFO inventory [eu-west-1] cache hit key=cart:ORD-724036 ttl_remaining_s=114
2024-03-14 09:16:19.396 INFO checkout-api [ap-south-1] handled POST /v1/checkout order=ORD-734700 user=usr_8698 status=200 duration_ms=229
2024-03-14 09:16:20.180 INFO payment-client [ap-south-1] inventory reserved sku=SKU-8944 qty=4 order=ORD-995111
2024-03-14 09:16:20.940 INFO checkout-api [ap-south-1] charge accepted order=ORD-614970 amount_cents=2376 currency=USD gateway_ref=ch_bd1038dce215
2024-03-14 09:16:21.063 INFO checkout-api [ap-south-1] handled GET /v1/cart/ORD-377584 user=usr_2570 status=200 duration_ms=169
2024-03-14 09:16:21.403 DEBUG payment-client [us-east-1] emitted metric checkout.latency value=102 region=eu-west-1
2024-03-14 09:16:22.270 DEBUG inventory [us-east-1] emitted metric checkout.latency value=132 region=us-east-1
2024-03-14 09:16:23.168 INFO cart-store [us-east-1] handled GET /v1/cart/ORD-975573 user=usr_2389 status=200 duration_ms=47
2024-03-14 09:16:23.846 INFO checkout-api [eu-west-1] cache hit key=cart:ORD-589335 ttl_remaining_s=82
2024-03-14 09:16:23.974 DEBUG payment-client [ap-south-1] acquired connection pool=payment size=64 in_use=25 wait_ms=313
2024-03-14 09:16:24.490 INFO checkout-api [ap-south-1] handled GET /v1/cart/ORD-979553 user=usr_8465 status=200 duration_ms=131
2024-03-14 09:16:25.142 DEBUG cart-store [ap-south-1] acquired connection pool=payment size=64 in_use=1 wait_ms=227
2024-03-14 09:16:25.964 INFO inventory [ap-south-1] handled GET /v1/cart/ORD-284676 user=usr_1300 status=200 duration_ms=113
2024-03-14 09:16:26.260 INFO cart-store [eu-west-1] inventory reserved sku=SKU-2319 qty=2 order=ORD-376642
2024-03-14 09:16:26.965 DEBUG payment-client [ap-south-1] acquired connection pool=payment size=64 in_use=33 wait_ms=220
2024-03-14 09:16:27.716 INFO payment-client [ap-south-1] handled GET /v1/cart/ORD-527336 user=usr_1226 status=200 duration_ms=253
2024-03-14 09:16:27.955 INFO inventory [ap-south-1] handled POST /v1/checkout order=ORD-359989 user=usr_1023 status=200 duration_ms=187
2024-03-14 09:16:28.169 INFO cart-store [us-east-1] handled POST /v1/checkout order=ORD-157021 user=usr_1717 status=200 duration_ms=37
2024-03-14 09:16:29.013 DEBUG inventory [ap-south-1] acquired connection pool=payment size=64 in_use=28 wait_ms=221
2024-03-14 09:16:29.820 DEBUG inventory [us-east-1] acquired connection pool=payment size=64 in_use=45 wait_ms=82
2024-03-14 09:16:30.161 INFO checkout-api [ap-south-1] inventory reserved sku=SKU-2382 qty=1 order=ORD-372059
2024-03-14 09:16:30.596 DEBUG inventory [eu-west-1] emitted metric checkout.latency value=197 region=eu-west-1
2024-03-14 09:16:31.438 DEBUG cart-store [eu-west-1] acquired connection pool=payment size=64 in_use=60 wait_ms=37
2024-03-14 09:16:32.137 DEBUG cart-store [eu-west-1] acquired connection pool=payment size=64 in_use=5 wait_ms=141
2024-03-14 09:16:32.598 INFO cart-store [eu-west-1] inventory reserved sku=SKU-9956 qty=3 order=ORD-937394
2024-03-14 09:16:33.496 INFO payment-client [us-east-1] handled GET /v1/cart/ORD-543298 user=usr_9568 status=200 duration_ms=271
2024-03-14 09:16:34.027 INFO checkout-api [us-east-1] charge accepted order=ORD-282403 amount_cents=6208 currency=USD gateway_ref=ch_9e42d07831cf
2024-03-14 09:16:34.632 DEBUG cart-store [us-east-1] emitted metric checkout.latency value=103 region=eu-west-1
2024-03-14 09:16:35.509 INFO payment-client [eu-west-1] inventory reserved sku=SKU-7659 qty=4 order=ORD-853206
2024-03-14 09:16:35.941 INFO checkout-api [eu-west-1] cache hit key=cart:ORD-312761 ttl_remaining_s=44
2024-03-14 09:16:36.312 INFO payment-client [ap-south-1] charge accepted order=ORD-147251 amount_cents=24444 currency=USD gateway_ref=ch_65ba4b2a3396
2024-03-14 09:16:36.686 INFO checkout-api [us-east-1] handled POST /v1/checkout order=ORD-126972 user=usr_3313 status=200 duration_ms=27
2024-03-14 09:16:36.814 DEBUG inventory [ap-south-1] acquired connection pool=payment size=64 in_use=54 wait_ms=327
2024-03-14 09:16:37.444 INFO inventory [us-east-1] charge accepted order=ORD-366351 amount_cents=16041 currency=USD gateway_ref=ch_b58148f56281
2024-03-14 09:16:37.658 INFO checkout-api [us-east-1] cache hit key=cart:ORD-792961 ttl_remaining_s=199
2024-03-14 09:16:38.441 INFO checkout-api [us-east-1] inventory reserved sku=SKU-5882 qty=3 order=ORD-864301
2024-03-14 09:16:38.565 INFO cart-store [ap-south-1] charge accepted order=ORD-384785 amount_cents=13617 currency=USD gateway_ref=ch_6b043ecd00d0
2024-03-14 09:16:39.275 INFO payment-client [eu-west-1] inventory reserved sku=SKU-2275 qty=1 order=ORD-768326
2024-03-14 09:16:40.096 INFO inventory [us-east-1] handled GET /v1/cart/ORD-219483 user=usr_5642 status=200 duration_ms=131
2024-03-14 09:16:40.873 INFO checkout-api [us-east-1] charge accepted order=ORD-764257 amount_cents=21457 currency=USD gateway_ref=ch_880b4c0db958
2024-03-14 09:16:41.663 INFO inventory [eu-west-1] handled POST /v1/checkout order=ORD-961986 user=usr_7134 status=200 duration_ms=155
2024-03-14 09:16:41.899 INFO inventory [ap-south-1] handled POST /v1/checkout order=ORD-122253 user=usr_8397 status=200 duration_ms=72
2024-03-14 09:16:42.579 DEBUG checkout-api [us-east-1] emitted metric checkout.latency value=154 region=ap-south-1
2024-03-14 09:16:43.167 INFO inventory [us-east-1] charge accepted order=ORD-119042 amount_cents=18620 currency=USD gateway_ref=ch_2e69d1b59d0c
2024-03-14 09:16:43.393 DEBUG payment-client [ap-south-1] acquired connection pool=payment size=64 in_use=35 wait_ms=44
2024-03-14 09:16:44.290 INFO cart-store [eu-west-1] inventory reserved sku=SKU-6851 qty=3 order=ORD-539206
2024-03-14 09:16:44.788 INFO payment-client [us-east-1] handled GET /v1/cart/ORD-675954 user=usr_5329 status=200 duration_ms=334
2024-03-14 09:16:45.474 INFO inventory [ap-south-1] handled GET /v1/cart/ORD-750642 user=usr_1669 status=200 duration_ms=109
2024-03-14 09:16:45.983 DEBUG cart-store [ap-south-1] emitted metric checkout.latency value=218 region=ap-south-1
2024-03-14 09:16:46.652 INFO inventory [us-east-1] handled POST /v1/checkout order=ORD-240652 user=usr_8072 status=200 duration_ms=157
2024-03-14 09:16:47.053 INFO payment-client [us-east-1] handled GET /v1/cart/ORD-106655 user=usr_1988 status=200 duration_ms=29
2024-03-14 09:16:47.433 DEBUG payment-client [us-east-1] acquired connection pool=payment size=64 in_use=19 wait_ms=148
2024-03-14 09:16:47.807 DEBUG payment-client [eu-west-1] emitted metric checkout.latency value=145 region=us-east-1
2024-03-14 09:16:48.473 INFO inventory [us-east-1] cache hit key=cart:ORD-781462 ttl_remaining_s=63
2024-03-14 09:16:48.621 INFO cart-store [us-east-1] inventory reserved sku=SKU-4360 qty=4 order=ORD-699908
2024-03-14 09:16:48.765 INFO payment-client [eu-west-1] inventory reserved sku=SKU-2128 qty=2 order=ORD-504723
2024-03-14 09:16:49.287 INFO cart-store [ap-south-1] handled POST /v1/checkout order=ORD-608221 user=usr_8938 status=200 duration_ms=24
2024-03-14 09:16:49.747 INFO checkout-api [eu-west-1] inventory reserved sku=SKU-1727 qty=3 order=ORD-299899
2024-03-14 09:16:49.941 DEBUG cart-store [us-east-1] acquired connection pool=payment size=64 in_use=34 wait_ms=221
2024-03-14 09:16:50.195 DEBUG payment-client [us-east-1] acquired connection pool=payment size=64 in_use=60 wait_ms=277
2024-03-14 09:16:50.812 DEBUG payment-client [ap-south-1] acquired connection pool=payment size=64 in_use=37 wait_ms=142
2024-03-14 09:16:51.390 DEBUG inventory [ap-south-1] emitted metric checkout.latency value=79 region=eu-west-1
2024-03-14 09:16:52.173 INFO cart-store [ap-south-1] handled POST /v1/checkout order=ORD-477227 user=usr_7933 status=200 duration_ms=254
2024-03-14 09:16:52.929 INFO payment-client [ap-south-1] handled POST /v1/checkout order=ORD-507483 user=usr_8643 status=200 duration_ms=243
2024-03-14 09:16:53.781 INFO cart-store [eu-west-1] cache hit key=cart:ORD-464073 ttl_remaining_s=112
2024-03-14 09:16:54.606 INFO payment-client [ap-south-1] cache hit key=cart:ORD-525972 ttl_remaining_s=188
2024-03-14 09:16:55.264 DEBUG cart-store [us-east-1] acquired connection pool=payment size=64 in_use=32 wait_ms=176
2024-03-14 09:16:55.744 INFO checkout-api [us-east-1] handled POST /v1/checkout order=ORD-971126 user=usr_8621 status=200 duration_ms=37
2024-03-14 09:16:56.280 INFO cart-store [ap-south-1] handled POST /v1/checkout order=ORD-926716 user=usr_7775 status=200 duration_ms=182
2024-03-14 09:16:56.964 INFO payment-client [us-east-1] inventory reserved sku=SKU-3632 qty=1 order=ORD-762327
2024-03-14 09:16:57.721 INFO inventory [eu-west-1] charge accepted order=ORD-436313 amount_cents=21583 currency=USD gateway_ref=ch_448e595f4ba9
2024-03-14 09:16:58.036 DEBUG payment-client [eu-west-1] acquired connection pool=payment size=64 in_use=35 wait_ms=40
2024-03-14 09:16:58.302 INFO inventory [us-east-1] cache hit key=cart:ORD-213178 ttl_remaining_s=39
2024-03-14 09:16:58.859 INFO inventory [ap-south-1] cache hit key=cart:ORD-738587 ttl_remaining_s=187
2024-03-14 09:16:59.175 DEBUG checkout-api [eu-west-1] emitted metric checkout.latency value=74 region=us-east-1
2024-03-14 09:16:59.852 INFO cart-store [us-east-1] cache hit key=cart:ORD-899405 ttl_remaining_s=233
2024-03-14 09:17:00.315 INFO inventory [ap-south-1] handled GET /v1/cart/ORD-822759 user=usr_1215 status=200 duration_ms=104
2024-03-14 09:17:00.691 INFO inventory [us-east-1] handled GET /v1/cart/ORD-307122 user=usr_1787 status=200 duration_ms=61
2024-03-14 09:17:01.199 INFO inventory [us-east-1] handled GET /v1/cart/ORD-353836 user=usr_8866 status=200 duration_ms=305
2024-03-14 09:17:01.745 INFO inventory [us-east-1] handled POST /v1/checkout order=ORD-813447 user=usr_5428 status=200 duration_ms=182
2024-03-14 09:17:02.149 INFO checkout-api [ap-south-1] cache hit key=cart:ORD-850166 ttl_remaining_s=160
2024-03-14 09:17:02.465 DEBUG payment-client [ap-south-1] emitted metric checkout.latency value=285 region=us-east-1
2024-03-14 09:17:02.759 DEBUG cart-store [ap-south-1] acquired connection pool=payment size=64 in_use=38 wait_ms=102
2024-03-14 09:17:03.614 INFO payment-client [us-east-1] charge accepted order=ORD-470537 amount_cents=20211 currency=USD gateway_ref=ch_4876bd8dc4ec
2024-03-14 09:17:04.024 DEBUG cart-store [eu-west-1] emitted metric checkout.latency value=253 region=eu-west-1
2024-03-14 09:17:04.157 DEBUG inventory [eu-west-1] emitted metric checkout.latency value=199 region=us-east-1
2024-03-14 09:17:04.433 INFO checkout-api [ap-south-1] inventory reserved sku=SKU-6186 qty=2 order=ORD-744339
2024-03-14 09:17:05.104 DEBUG payment-client [us-east-1] acquired connection pool=payment size=64 in_use=21 wait_ms=287
2024-03-14 09:17:05.805 INFO checkout-api [us-east-1] inventory reserved sku=SKU-5765 qty=4 order=ORD-587042
2024-03-14 09:17:06.007 INFO checkout-api [eu-west-1] charge accepted order=ORD-673642 amount_cents=11222 currency=USD gateway_ref=ch_c2e928c584d8
2024-03-14 09:17:06.498 INFO cart-store [us-east-1] handled GET /v1/cart/ORD-220295 user=usr_5650 status=200 duration_ms=49
2024-03-14 09:17:06.654 DEBUG cart-store [ap-south-1] emitted metric checkout.latency value=31 region=ap-south-1
2024-03-14 09:17:06.965 INFO inventory [us-east-1] inventory reserved sku=SKU-4719 qty=4 order=ORD-617239
2024-03-14 09:17:07.388 DEBUG checkout-api [ap-south-1] acquired connection pool=payment size=64 in_use=36 wait_ms=81
2024-03-14 09:17:07.858 INFO inventory [eu-west-1] inventory reserved sku=SKU-9254 qty=1 order=ORD-979051
2024-03-14 09:17:08.151 DEBUG checkout-api [eu-west-1] acquired connection pool=payment size=64 in_use=11 wait_ms=165
2024-03-14 09:17:08.505 INFO cart-store [us-east-1] cache hit key=cart:ORD-106852 ttl_remaining_s=289
2024-03-14 09:17:09.349 DEBUG cart-store [eu-west-1] acquired connection pool=payment size=64 in_use=57 wait_ms=322
2024-03-14 09:17:09.492 INFO checkout-api [ap-south-1] handled GET /v1/cart/ORD-967200 user=usr_4209 status=200 duration_ms=102
2024-03-14 09:17:10.361 INFO checkout-api [ap-south-1] cache hit key=cart:ORD-970629 ttl_remaining_s=142
2024-03-14 09:17:10.952 DEBUG inventory [us-east-1] acquired connection pool=payment size=64 in_use=11 wait_ms=317
2024-03-14 09:17:11.293 INFO payment-client [ap-south-1] handled POST /v1/checkout order=ORD-145293 user=usr_8305 status=200 duration_ms=95
2024-03-14 09:17:12.102 INFO payment-client [ap-south-1] cache hit key=cart:ORD-400599 ttl_remaining_s=116
2024-03-14 09:17:12.889 INFO cart-store [eu-west-1] inventory reserved sku=SKU-2570 qty=2 order=ORD-815152
2024-03-14 09:17:13.156 INFO cart-store [eu-west-1] cache hit key=cart:ORD-433088 ttl_remaining_s=155
2024-03-14 09:17:13.783 INFO cart-store [ap-south-1] charge accepted order=ORD-127241 amount_cents=24035 currency=USD gateway_ref=ch_30a570a9f525
2024-03-14 09:17:14.223 INFO checkout-api [ap-south-1] handled POST /v1/checkout order=ORD-746624 user=usr_5459 status=200 duration_ms=73
2024-03-14 09:17:14.566 INFO checkout-api [us-east-1] inventory reserved sku=SKU-9047 qty=3 order=ORD-378696
2024-03-14 09:17:14.712 INFO checkout-api [us-east-1] inventory reserved sku=SKU-5538 qty=2 order=ORD-724755
2024-03-14 09:17:15.569 DEBUG cart-store [us-east-1] acquired connection pool=payment size=64 in_use=32 wait_ms=126
2024-03-14 09:17:15.949 DEBUG payment-client [us-east-1] emitted metric checkout.latency value=312 region=ap-south-1
2024-03-14 09:17:16.647 INFO payment-client [eu-west-1] cache hit key=cart:ORD-107192 ttl_remaining_s=78
2024-03-14 09:17:17.146 INFO cart-store [us-east-1] inventory reserved sku=SKU-3634 qty=1 order=ORD-720714
2024-03-14 09:17:17.810 INFO checkout-api [eu-west-1] handled POST /v1/checkout order=ORD-696915 user=usr_5160 status=200 duration_ms=174
2024-03-14 09:17:18.478 DEBUG checkout-api [us-east-1] emitted metric checkout.latency value=101 region=ap-south-1
2024-03-14 09:17:18.668 INFO cart-store [ap-south-1] handled POST /v1/checkout order=ORD-438109 user=usr_7533 status=200 duration_ms=321
2024-03-14 09:17:19.087 DEBUG inventory [ap-south-1] emitted metric checkout.latency value=39 region=ap-south-1
2024-03-14 09:17:19.637 DEBUG cart-store [eu-west-1] emitted metric checkout.latency value=316 region=eu-west-1
2024-03-14 09:17:20.225 INFO payment-client [ap-south-1] handled POST /v1/checkout order=ORD-941118 user=usr_8224 status=200 duration_ms=213
2024-03-14 09:17:20.636 DEBUG cart-store [ap-south-1] emitted metric checkout.latency value=248 region=us-east-1
2024-03-14 09:17:21.067 INFO cart-store [us-east-1] cache hit key=cart:ORD-575409 ttl_remaining_s=227
2024-03-14 09:17:21.397 INFO payment-client [ap-south-1] handled GET /v1/cart/ORD-420283 user=usr_8598 status=200 duration_ms=224
2024-03-14 09:17:21.993 INFO checkout-api [eu-west-1] handled POST /v1/checkout order=ORD-842618 user=usr_8454 status=200 duration_ms=138
2024-03-14 09:17:22.394 INFO payment-client [eu-west-1] inventory reserved sku=SKU-7202 qty=3 order=ORD-187968
2024-03-14 09:17:22.979 INFO cart-store [ap-south-1] cache hit key=cart:ORD-933761 ttl_remaining_s=293
2024-03-14 09:17:23.554 INFO cart-store [eu-west-1] cache hit key=cart:ORD-711844 ttl_remaining_s=71
2024-03-14 09:17:23.734 INFO payment-client [ap-south-1] inventory reserved sku=SKU-7332 qty=1 order=ORD-860072
2024-03-14 09:17:23.921 INFO inventory [us-east-1] inventory reserved sku=SKU-1598 qty=2 order=ORD-312015
2024-03-14 09:17:24.322 INFO inventory [ap-south-1] handled POST /v1/checkout order=ORD-444465 user=usr_3225 status=200 duration_ms=310
2024-03-14 09:17:25.046 INFO payment-client [eu-west-1] inventory reserved sku=SKU-4758 qty=1 order=ORD-497399
2024-03-14 09:17:25.814 INFO checkout-api [ap-south-1] charge accepted order=ORD-365039 amount_cents=1289 currency=USD gateway_ref=ch_b1a1a3d1dd00
2024-03-14 09:17:26.234 DEBUG checkout-api [us-east-1] emitted metric checkout.latency value=162 region=eu-west-1
2024-03-14 09:17:26.417 INFO inventory [ap-south-1] handled GET /v1/cart/ORD-703206 user=usr_3424 status=200 duration_ms=18
2024-03-14 09:17:27.201 DEBUG cart-store [ap-south-1] emitted metric checkout.latency value=319 region=ap-south-1
2024-03-14 09:17:27.332 DEBUG checkout-api [us-east-1] emitted metric checkout.latency value=79 region=us-east-1
2024-03-14 09:17:27.993 DEBUG cart-store [eu-west-1] emitted metric checkout.latency value=217 region=eu-west-1
2024-03-14 09:17:28.676 DEBUG payment-client [ap-south-1] acquired connection pool=payment size=64 in_use=53 wait_ms=40
2024-03-14 09:17:28.971 INFO payment-client [us-east-1] handled GET /v1/cart/ORD-842422 user=usr_2143 status=200 duration_ms=109
2024-03-14 09:17:29.579 INFO cart-store [eu-west-1] handled POST /v1/checkout order=ORD-203558 user=usr_2229 status=200 duration_ms=191
2024-03-14 09:17:29.967 INFO checkout-api [us-east-1] charge accepted order=ORD-701748 amount_cents=13392 currency=USD gateway_ref=ch_ee164667b6b9
2024-03-14 09:17:30.206 INFO cart-store [ap-south-1] cache hit key=cart:ORD-380461 ttl_remaining_s=193
2024-03-14 09:17:31.024 DEBUG payment-client [ap-south-1] emitted metric checkout.latency value=109 region=eu-west-1
2024-03-14 09:17:31.597 INFO checkout-api [ap-south-1] handled GET /v1/cart/ORD-935475 user=usr_5444 status=200 duration_ms=164
2024-03-14 09:17:32.303 INFO inventory [us-east-1] charge accepted order=ORD-626945 amount_cents=13596 currency=USD gateway_ref=ch_94f08375081b
2024-03-14 09:17:32.804 INFO inventory [us-east-1] handled GET /v1/cart/ORD-623238 user=usr_3665 status=200 duration_ms=53
2024-03-14 09:17:33.203 INFO cart-store [eu-west-1] cache hit key=cart:ORD-551134 ttl_remaining_s=28
2024-03-14 09:17:33.952 DEBUG inventory [eu-west-1] emitted metric checkout.latency value=115 region=us-east-1
2024-03-14 09:17:34.832 DEBUG inventory [us-east-1] acquired connection pool=payment size=64 in_use=51 wait_ms=109
2024-03-14 09:17:35.606 INFO inventory [eu-west-1] inventory reserved sku=SKU-6866 qty=3 order=ORD-295852
2024-03-14 09:17:35.844 DEBUG cart-store [eu-west-1] emitted metric checkout.latency value=116 region=ap-south-1
2024-03-14 09:17:36.004 DEBUG inventory [us-east-1] acquired connection pool=payment size=64 in_use=28 wait_ms=69
2024-03-14 09:17:36.482 INFO cart-store [ap-south-1] handled GET /v1/cart/ORD-554160 user=usr_9661 status=200 duration_ms=218
2024-03-14 09:17:36.730 INFO payment-client [eu-west-1] charge accepted order=ORD-562296 amount_cents=831 currency=USD gateway_ref=ch_07a4b76fccf2
2024-03-14 09:17:37.338 INFO checkout-api [us-east-1] handled GET /v1/cart/ORD-117057 user=usr_9223 status=200 duration_ms=23
2024-03-14 09:17:37.623 DEBUG payment-client [ap-south-1] emitted metric checkout.latency value=265 region=ap-south-1
2024-03-14 09:17:37.794 INFO payment-client [eu-west-1] handled POST /v1/checkout order=ORD-642281 user=usr_4605 status=200 duration_ms=226
2024-03-14 09:17:38.524 INFO cart-store [eu-west-1] handled POST /v1/checkout order=ORD-401319 user=usr_8534 status=200 duration_ms=291
2024-03-14 09:17:38.700 INFO cart-store [eu-west-1] inventory reserved sku=SKU-4173 qty=2 order=ORD-327942
2024-03-14 09:17:38.848 INFO inventory [eu-west-1] cache hit key=cart:ORD-640280 ttl_remaining_s=282
2024-03-14 09:17:39.392 DEBUG checkout-api [us-east-1] acquired connection pool=payment size=64 in_use=48 wait_ms=225
2024-03-14 09:17:40.217 INFO cart-store [us-east-1] handled POST /v1/checkout order=ORD-853291 user=usr_3048 status=200 duration_ms=125
2024-03-14 09:17:40.545 INFO cart-store [eu-west-1] charge accepted order=ORD-607870 amount_cents=13596 currency=USD gateway_ref=ch_ee133af4b73b
2024-03-14 09:17:40.669 INFO payment-client [eu-west-1] handled GET /v1/cart/ORD-553574 user=usr_9684 status=200 duration_ms=68
2024-03-14 09:17:41.178 DEBUG cart-store [us-east-1] emitted metric checkout.latency value=223 region=us-east-1
2024-03-14 09:17:41.305 INFO payment-client [eu-west-1] handled POST /v1/checkout order=ORD-206089 user=usr_2675 status=200 duration_ms=143
2024-03-14 09:17:41.859 INFO cart-store [ap-south-1] charge accepted order=ORD-335473 amount_cents=11501 currency=USD gateway_ref=ch_a56c77c22384
2024-03-14 09:17:42.043 DEBUG payment-client [ap-south-1] emitted metric checkout.latency value=89 region=us-east-1
2024-03-14 09:17:42.735 INFO cart-store [ap-south-1] charge accepted order=ORD-572763 amount_cents=17552 currency=USD gateway_ref=ch_b0e96dad5237
2024-03-14 09:17:43.406 INFO cart-store [us-east-1] cache hit key=cart:ORD-715922 ttl_remaining_s=206
2024-03-14 09:17:43.778 INFO cart-store [eu-west-1] handled POST /v1/checkout order=ORD-629122 user=usr_4095 status=200 duration_ms=295
2024-03-14 09:17:44.655 INFO payment-client [ap-south-1] inventory reserved sku=SKU-9871 qty=2 order=ORD-831212
2024-03-14 09:17:45.428 DEBUG inventory [ap-south-1] emitted metric checkout.latency value=319 region=us-east-1
2024-03-14 09:17:45.850 DEBUG inventory [us-east-1] acquired connection pool=payment size=64 in_use=19 wait_ms=291
2024-03-14 09:17:46.496 INFO payment-client [us-east-1] charge accepted order=ORD-247737 amount_cents=12817 currency=USD gateway_ref=ch_7d40fbddb1f3
2024-03-14 09:17:47.356 INFO checkout-api [us-east-1] inventory reserved sku=SKU-2164 qty=3 order=ORD-518769
2024-03-14 09:17:48.154 INFO inventory [us-east-1] handled POST /v1/checkout order=ORD-859190 user=usr_4484 status=200 duration_ms=215
2024-03-14 09:17:49.036 DEBUG cart-store [us-east-1] acquired connection pool=payment size=64 in_use=13 wait_ms=129
2024-03-14 09:17:49.702 DEBUG payment-client [ap-south-1] acquired connection pool=payment size=64 in_use=28 wait_ms=149
2024-03-14 09:17:50.581 INFO inventory [eu-west-1] handled GET /v1/cart/ORD-660415 user=usr_2122 status=200 duration_ms=126
2024-03-14 09:17:50.769 INFO cart-store [ap-south-1] charge accepted order=ORD-157177 amount_cents=19832 currency=USD gateway_ref=ch_3ccf4cdacafd
2024-03-14 09:17:50.898 INFO checkout-api [ap-south-1] handled GET /v1/cart/ORD-938561 user=usr_8461 status=200 duration_ms=251
2024-03-14 09:17:51.464 INFO cart-store [eu-west-1] inventory reserved sku=SKU-2347 qty=3 order=ORD-407156
2024-03-14 09:17:51.670 INFO payment-client [eu-west-1] cache hit key=cart:ORD-540318 ttl_remaining_s=14
2024-03-14 09:17:52.323 DEBUG payment-client [us-east-1] emitted metric checkout.latency value=323 region=ap-south-1
2024-03-14 09:17:53.181 INFO payment-client [us-east-1] charge accepted order=ORD-404590 amount_cents=12486 currency=USD gateway_ref=ch_bfc27db22b2d
2024-03-14 09:17:53.797 INFO inventory [ap-south-1] handled POST /v1/checkout order=ORD-298470 user=usr_7959 status=200 duration_ms=63
2024-03-14 09:17:54.519 INFO inventory [eu-west-1] charge accepted order=ORD-858675 amount_cents=10238 currency=USD gateway_ref=ch_d5df7e736bc9
2024-03-14 09:17:54.870 INFO inventory [ap-south-1] handled GET /v1/cart/ORD-594479 user=usr_2102 status=200 duration_ms=131
2024-03-14 09:17:55.695 INFO inventory [us-east-1] inventory reserved sku=SKU-6481 qty=2 order=ORD-378361
2024-03-14 09:17:56.380 DEBUG cart-store [us-east-1] acquired connection pool=payment size=64 in_use=41 wait_ms=77
2024-03-14 09:17:57.086 INFO cart-store [eu-west-1] handled GET /v1/cart/ORD-931216 user=usr_7055 status=200 duration_ms=30
2024-03-14 09:17:57.880 INFO payment-client [ap-south-1] handled GET /v1/cart/ORD-468162 user=usr_1705 status=200 duration_ms=87
2024-03-14 09:17:58.134 INFO checkout-api [us-east-1] inventory reserved sku=SKU-6761 qty=2 order=ORD-786539
2024-03-14 09:17:58.693 INFO inventory [eu-west-1] cache hit key=cart:ORD-292661 ttl_remaining_s=285
2024-03-14 09:17:59.017 DEBUG inventory [ap-south-1] emitted metric checkout.latency value=208 region=ap-south-1
2024-03-14 09:17:59.456 INFO inventory [eu-west-1] cache hit key=cart:ORD-191048 ttl_remaining_s=62
2024-03-14 09:18:00.350 INFO cart-store [ap-south-1] charge accepted order=ORD-776848 amount_cents=4240 currency=USD gateway_ref=ch_9a287febaee7
2024-03-14 09:18:00.608 INFO payment-client [eu-west-1] charge accepted order=ORD-667562 amount_cents=21223 currency=USD gateway_ref=ch_4ff0b9dc1c6a
2024-03-14 09:18:01.256 INFO inventory [eu-west-1] charge accepted order=ORD-970282 amount_cents=19535 currency=USD gateway_ref=ch_947b82619382
2024-03-14 09:18:01.840 DEBUG cart-store [us-east-1] emitted metric checkout.latency value=93 region=eu-west-1
2024-03-14 09:18:02.264 INFO payment-client [eu-west-1] charge accepted order=ORD-427530 amount_cents=22566 currency=USD gateway_ref=ch_732964a84346
2024-03-14 09:18:02.486 INFO payment-client [eu-west-1] cache hit key=cart:ORD-351237 ttl_remaining_s=122
2024-03-14 09:18:02.612 DEBUG checkout-api [eu-west-1] emitted metric checkout.latency value=283 region=us-east-1
2024-03-14 09:18:02.810 INFO payment-client [us-east-1] cache hit key=cart:ORD-954505 ttl_remaining_s=93
2024-03-14 09:18:03.700 INFO inventory [us-east-1] charge accepted order=ORD-614364 amount_cents=5760 currency=USD gateway_ref=ch_661d7f6a4fe2
2024-03-14 09:18:03.907 INFO inventory [us-east-1] inventory reserved sku=SKU-9307 qty=4 order=ORD-764913
2024-03-14 09:18:04.276 INFO inventory [ap-south-1] charge accepted order=ORD-302393 amount_cents=10044 currency=USD gateway_ref=ch_6033143dab0c
2024-03-14 09:18:05.006 INFO checkout-api [ap-south-1] charge accepted order=ORD-747649 amount_cents=24144 currency=USD gateway_ref=ch_b84918304a4e
2024-03-14 09:18:05.849 INFO payment-client [us-east-1] charge accepted order=ORD-719888 amount_cents=847 currency=USD gateway_ref=ch_cd58e357c63d
2024-03-14 09:18:06.486 DEBUG checkout-api [ap-south-1] acquired connection pool=payment size=64 in_use=28 wait_ms=81
2024-03-14 09:18:06.885 INFO checkout-api [us-east-1] handled POST /v1/checkout order=ORD-403319 user=usr_8052 status=200 duration_ms=202
2024-03-14 09:18:07.563 INFO payment-client [eu-west-1] inventory reserved sku=SKU-8003 qty=4 order=ORD-217579
2024-03-14 09:18:08.106 DEBUG inventory [ap-south-1] acquired connection pool=payment size=64 in_use=53 wait_ms=163
2024-03-14 09:18:08.480 INFO checkout-api [eu-west-1] cache hit key=cart:ORD-647853 ttl_remaining_s=22
2024-03-14 09:18:09.035 INFO cart-store [us-east-1] cache hit key=cart:ORD-332149 ttl_remaining_s=286
2024-03-14 09:18:09.713 INFO inventory [ap-south-1] cache hit key=cart:ORD-666659 ttl_remaining_s=185
2024-03-14 09:18:10.120 INFO inventory [us-east-1] inventory reserved sku=SKU-7448 qty=1 order=ORD-455189
2024-03-14 09:18:10.769 INFO checkout-api [ap-south-1] charge accepted order=ORD-509514 amount_cents=24622 currency=USD gateway_ref=ch_e1a562fbf2d1
2024-03-14 09:18:11.102 INFO checkout-api [us-east-1] handled GET /v1/cart/ORD-260288 user=usr_5839 status=200 duration_ms=40
2024-03-14 09:18:11.510 DEBUG cart-store [us-east-1] acquired connection pool=payment size=64 in_use=55 wait_ms=299
2024-03-14 09:18:11.782 DEBUG inventory [eu-west-1] acquired connection pool=payment size=64 in_use=10 wait_ms=111
2024-03-14 09:18:12.388 INFO cart-store [ap-south-1] inventory reserved sku=SKU-8506 qty=1 order=ORD-921504
2024-03-14 09:18:12.919 INFO payment-client [ap-south-1] handled GET /v1/cart/ORD-627273 user=usr_1720 status=200 duration_ms=33
2024-03-14 09:18:13.166 DEBUG payment-client [ap-south-1] emitted metric checkout.latency value=70 region=ap-south-1
2024-03-14 09:18:13.533 DEBUG checkout-api [us-east-1] acquired connection pool=payment size=64 in_use=48 wait_ms=334
2024-03-14 09:18:14.316 DEBUG payment-client [ap-south-1] emitted metric checkout.latency value=23 region=eu-west-1
2024-03-14 09:18:14.596 DEBUG checkout-api [eu-west-1] acquired connection pool=payment size=64 in_use=31 wait_ms=69
2024-03-14 09:18:14.761 DEBUG checkout-api [us-east-1] emitted metric checkout.latency value=59 region=ap-south-1
2024-03-14 09:18:15.274 DEBUG inventory [us-east-1] emitted metric checkout.latency value=154 region=us-east-1
2024-03-14 09:18:15.640 INFO cart-store [ap-south-1] handled GET /v1/cart/ORD-328955 user=usr_6039 status=200 duration_ms=83
2024-03-14 09:18:15.848 INFO cart-store [ap-south-1] handled POST /v1/checkout order=ORD-921293 user=usr_8381 status=200 duration_ms=285
2024-03-14 09:18:16.313 INFO checkout-api [us-east-1] handled POST /v1/checkout order=ORD-919739 user=usr_1294 status=200 duration_ms=67
2024-03-14 09:18:17.046 INFO checkout-api [eu-west-1] inventory reserved sku=SKU-1530 qty=3 order=ORD-906932
2024-03-14 09:18:17.638 INFO inventory [us-east-1] cache hit key=cart:ORD-476490 ttl_remaining_s=51
2024-03-14 09:18:18.351 INFO payment-client [ap-south-1] handled POST /v1/checkout order=ORD-927584 user=usr_4242 status=200 duration_ms=96
2024-03-14 09:18:19.211 INFO payment-client [us-east-1] handled GET /v1/cart/ORD-651117 user=usr_1152 status=200 duration_ms=261
2024-03-14 09:18:19.759 INFO checkout-api [eu-west-1] inventory reserved sku=SKU-1676 qty=3 order=ORD-939649
2024-03-14 09:18:20.522 INFO cart-store [ap-south-1] cache hit key=cart:ORD-988008 ttl_remaining_s=91
2024-03-14 09:18:21.262 DEBUG checkout-api [us-east-1] emitted metric checkout.latency value=106 region=ap-south-1
2024-03-14 09:18:21.919 DEBUG inventory [us-east-1] acquired connection pool=payment size=64 in_use=47 wait_ms=282
2024-03-14 09:18:22.306 DEBUG inventory [eu-west-1] emitted metric checkout.latency value=78 region=us-east-1
2024-03-14 09:18:22.733 INFO cart-store [ap-south-1] inventory reserved sku=SKU-3893 qty=4 order=ORD-898806
2024-03-14 09:18:22.939 DEBUG inventory [eu-west-1] emitted metric checkout.latency value=167 region=ap-south-1
2024-03-14 09:18:23.775 INFO inventory [ap-south-1] handled GET /v1/cart/ORD-127129 user=usr_7524 status=200 duration_ms=66
2024-03-14 09:18:24.217 INFO checkout-api [us-east-1] cache hit key=cart:ORD-644928 ttl_remaining_s=267
2024-03-14 09:18:24.421 INFO checkout-api [us-east-1] handled POST /v1/checkout order=ORD-859722 user=usr_5927 status=200 duration_ms=54
2024-03-14 09:18:24.928 INFO inventory [us-east-1] charge accepted order=ORD-325133 amount_cents=19116 currency=USD gateway_ref=ch_f69de578d934
2024-03-14 09:18:25.095 INFO inventory [eu-west-1] handled GET /v1/cart/ORD-783038 user=usr_1843 status=200 duration_ms=71
2024-03-14 09:18:25.839 DEBUG payment-client [ap-south-1] emitted metric checkout.latency value=307 region=eu-west-1
2024-03-14 09:18:26.469 DEBUG inventory [us-east-1] acquired connection pool=payment size=64 in_use=37 wait_ms=302
2024-03-14 09:18:26.870 DEBUG checkout-api [us-east-1] emitted metric checkout.latency value=107 region=us-east-1
2024-03-14 09:18:27.642 INFO inventory [ap-south-1] inventory reserved sku=SKU-6172 qty=4 order=ORD-763560
2024-03-14 09:18:27.930 DEBUG inventory [eu-west-1] emitted metric checkout.latency value=110 region=eu-west-1
2024-03-14 09:18:28.680 INFO inventory [ap-south-1] handled POST /v1/checkout order=ORD-979925 user=usr_9604 status=200 duration_ms=124
2024-03-14 09:18:29.140 INFO inventory [eu-west-1] handled POST /v1/checkout order=ORD-478117 user=usr_8933 status=200 duration_ms=118
2024-03-14 09:18:29.801 DEBUG payment-client [ap-south-1] emitted metric checkout.latency value=283 region=eu-west-1
2024-03-14 09:18:30.393 INFO cart-store [ap-south-1] handled GET /v1/cart/ORD-986646 user=usr_4917 status=200 duration_ms=185
2024-03-14 09:18:31.196 DEBUG inventory [eu-west-1] emitted metric checkout.latency value=126 region=eu-west-1
2024-03-14 09:18:32.008 INFO cart-store [ap-south-1] handled GET /v1/cart/ORD-733202 user=usr_7565 status=200 duration_ms=261
2024-03-14 09:18:32.414 INFO checkout-api [eu-west-1] handled POST /v1/checkout order=ORD-494769 user=usr_4160 status=200 duration_ms=78
2024-03-14 09:18:32.862 DEBUG cart-store [eu-west-1] emitted metric checkout.latency value=169 region=eu-west-1
2024-03-14 09:18:33.196 INFO payment-client [ap-south-1] handled GET /v1/cart/ORD-730052 user=usr_1836 status=200 duration_ms=201
2024-03-14 09:18:33.745 DEBUG payment-client [us-east-1] acquired connection pool=payment size=64 in_use=31 wait_ms=226
2024-03-14 09:18:34.530 DEBUG checkout-api [ap-south-1] acquired connection pool=payment size=64 in_use=10 wait_ms=113
2024-03-14 09:18:34.756 INFO payment-client [us-east-1] charge accepted order=ORD-665111 amount_cents=23441 currency=USD gateway_ref=ch_03634a6b6def
2024-03-14 09:18:35.646 DEBUG inventory [ap-south-1] acquired connection pool=payment size=64 in_use=42 wait_ms=270
2024-03-14 09:18:36.210 INFO payment-client [eu-west-1] charge accepted order=ORD-833879 amount_cents=6953 currency=USD gateway_ref=ch_75d49757a6e9
2024-03-14 09:18:36.983 INFO payment-client [ap-south-1] charge accepted order=ORD-534674 amount_cents=10308 currency=USD gateway_ref=ch_7cae0239d660
2024-03-14 09:18:37.638 INFO cart-store [ap-south-1] handled GET /v1/cart/ORD-743446 user=usr_2876 status=200 duration_ms=139
2024-03-14 09:18:38.523 INFO checkout-api [us-east-1] cache hit key=cart:ORD-407631 ttl_remaining_s=101
2024-03-14 09:18:39.220 INFO payment-client [ap-south-1] cache hit key=cart:ORD-108247 ttl_remaining_s=146
2024-03-14 09:18:39.850 DEBUG payment-client [eu-west-1] acquired connection pool=payment size=64 in_use=7 wait_ms=198
2024-03-14 09:18:40.109 INFO cart-store [ap-south-1] handled GET /v1/cart/ORD-357431 user=usr_3173 status=200 duration_ms=115
2024-03-14 09:18:40.900 INFO checkout-api [us-east-1] cache hit key=cart:ORD-234320 ttl_remaining_s=63
2024-03-14 09:18:41.516 DEBUG inventory [eu-west-1] acquired connection pool=payment size=64 in_use=32 wait_ms=206
2024-03-14 09:18:42.039 INFO checkout-api [eu-west-1] cache hit key=cart:ORD-647849 ttl_remaining_s=124
2024-03-14 09:18:42.921 INFO cart-store [ap-south-1] cache hit key=cart:ORD-581286 ttl_remaining_s=120
2024-03-14 09:18:43.093 DEBUG cart-store [ap-south-1] acquired connection pool=payment size=64 in_use=43 wait_ms=166
2024-03-14 09:18:43.485 INFO payment-client [ap-south-1] handled GET /v1/cart/ORD-341867 user=usr_3227 status=200 duration_ms=258
2024-03-14 09:18:43.826 INFO payment-client [us-east-1] charge accepted order=ORD-253845 amount_cents=18216 currency=USD gateway_ref=ch_1659c8c834e7
2024-03-14 09:18:44.013 INFO cart-store [us-east-1] handled POST /v1/checkout order=ORD-994137 user=usr_6788 status=200 duration_ms=102
2024-03-14 09:18:44.569 INFO inventory [ap-south-1] handled POST /v1/checkout order=ORD-376209 user=usr_4380 status=200 duration_ms=187
2024-03-14 09:18:45.280 INFO cart-store [eu-west-1] charge accepted order=ORD-416628 amount_cents=14519 currency=USD gateway_ref=ch_8e91aab8ce23
2024-03-14 09:18:45.670 INFO payment-client [us-east-1] charge accepted order=ORD-351379 amount_cents=19264 currency=USD gateway_ref=ch_32149f2cb79f
2024-03-14 09:18:46.477 INFO checkout-api [eu-west-1] cache hit key=cart:ORD-250514 ttl_remaining_s=132
2024-03-14 09:18:47.196 DEBUG inventory [us-east-1] acquired connection pool=payment size=64 in_use=33 wait_ms=57
2024-03-14 09:18:47.708 INFO inventory [eu-west-1] cache hit key=cart:ORD-956100 ttl_remaining_s=133
2024-03-14 09:18:48.482 INFO checkout-api [us-east-1] cache hit key=cart:ORD-433168 ttl_remaining_s=22
2024-03-14 09:18:48.829 INFO payment-client [eu-west-1] handled GET /v1/cart/ORD-696547 user=usr_7779 status=200 duration_ms=108
2024-03-14 09:18:49.279 INFO checkout-api [us-east-1] handled POST /v1/checkout order=ORD-965692 user=usr_9475 status=200 duration_ms=236
2024-03-14 09:18:49.616 INFO checkout-api [eu-west-1] inventory reserved sku=SKU-4768 qty=4 order=ORD-181922
2024-03-14 09:18:50.143 DEBUG cart-store [eu-west-1] acquired connection pool=payment size=64 in_use=34 wait_ms=131
2024-03-14 09:18:50.949 DEBUG cart-store [us-east-1] acquired connection pool=payment size=64 in_use=43 wait_ms=127
2024-03-14 09:18:51.803 DEBUG inventory [us-east-1] acquired connection pool=payment size=64 in_use=20 wait_ms=100
2024-03-14 09:18:52.635 INFO cart-store [ap-south-1] charge accepted order=ORD-214967 amount_cents=10929 currency=USD gateway_ref=ch_4ae01f12de47
2024-03-14 09:18:52.832 INFO payment-client [ap-south-1] cache hit key=cart:ORD-150130 ttl_remaining_s=136
2024-03-14 09:18:53.049 INFO cart-store [ap-south-1] charge accepted order=ORD-751901 amount_cents=3718 currency=USD gateway_ref=ch_02300f980980
2024-03-14 09:18:53.841 INFO payment-client [ap-south-1] handled POST /v1/checkout order=ORD-350679 user=usr_9495 status=200 duration_ms=71
2024-03-14 09:18:54.715 INFO cart-store [us-east-1] cache hit key=cart:ORD-622216 ttl_remaining_s=255
2024-03-14 09:18:55.330 INFO inventory [eu-west-1] handled GET /v1/cart/ORD-291124 user=usr_9748 status=200 duration_ms=97
2024-03-14 09:18:55.632 INFO payment-client [eu-west-1] charge accepted order=ORD-936501 amount_cents=17013 currency=USD gateway_ref=ch_7b45e0cef2ef
2024-03-14 09:18:56.140 DEBUG checkout-api [eu-west-1] emitted metric checkout.latency value=116 region=us-east-1
2024-03-14 09:18:56.781 INFO payment-client [us-east-1] cache hit key=cart:ORD-679565 ttl_remaining_s=270
2024-03-14 09:18:57.086 INFO payment-client [us-east-1] inventory reserved sku=SKU-1917 qty=4 order=ORD-419925
2024-03-14 09:18:57.466 INFO checkout-api [ap-south-1] charge accepted order=ORD-627458 amount_cents=17488 currency=USD gateway_ref=ch_2f21864169c3
2024-03-14 09:18:58.111 INFO checkout-api [eu-west-1] handled POST /v1/checkout order=ORD-146747 user=usr_3776 status=200 duration_ms=39
2024-03-14 09:18:58.829 INFO checkout-api [ap-south-1] cache hit key=cart:ORD-695313 ttl_remaining_s=249
2024-03-14 09:18:59.420 INFO payment-client [eu-west-1] inventory reserved sku=SKU-2047 qty=1 order=ORD-513812
2024-03-14 09:19:00.127 INFO inventory [us-east-1] inventory reserved sku=SKU-6413 qty=3 order=ORD-798883
2024-03-14 09:19:00.906 INFO payment-client [ap-south-1] handled GET /v1/cart/ORD-387975 user=usr_5373 status=200 duration_ms=319
2024-03-14 09:19:01.660 DEBUG checkout-api [ap-south-1] acquired connection pool=payment size=64 in_use=10 wait_ms=217
2024-03-14 09:19:02.044 DEBUG cart-store [ap-south-1] acquired connection pool=payment size=64 in_use=19 wait_ms=84
2024-03-14 09:19:02.691 DEBUG inventory [us-east-1] acquired connection pool=payment size=64 in_use=34 wait_ms=311
2024-03-14 09:19:03.112 DEBUG checkout-api [us-east-1] emitted metric checkout.latency value=55 region=ap-south-1
2024-03-14 09:19:03.299 INFO cart-store [eu-west-1] charge accepted order=ORD-555434 amount_cents=16394 currency=USD gateway_ref=ch_0a2c21575571
2024-03-14 09:19:03.457 INFO payment-client [us-east-1] handled GET /v1/cart/ORD-966884 user=usr_3571 status=200 duration_ms=242
2024-03-14 09:19:03.836 INFO checkout-api [eu-west-1] handled POST /v1/checkout order=ORD-280005 user=usr_2499 status=200 duration_ms=255
2024-03-14 09:19:04.100 DEBUG checkout-api [eu-west-1] acquired connection pool=payment size=64 in_use=1 wait_ms=277
2024-03-14 09:19:04.895 INFO payment-client [us-east-1] inventory reserved sku=SKU-6704 qty=4 order=ORD-523680
2024-03-14 09:19:05.306 DEBUG cart-store [ap-south-1] acquired connection pool=payment size=64 in_use=46 wait_ms=77
2024-03-14 09:19:05.438 INFO payment-client [ap-south-1] cache hit key=cart:ORD-439779 ttl_remaining_s=140
2024-03-14 09:19:06.217 INFO checkout-api [ap-south-1] charge accepted order=ORD-206353 amount_cents=13671 currency=USD gateway_ref=ch_2f5831685c6b
2024-03-14 09:19:06.658 INFO payment-client [eu-west-1] handled POST /v1/checkout order=ORD-878215 user=usr_3831 status=200 duration_ms=70
2024-03-14 09:19:07.408 INFO inventory [eu-west-1] handled POST /v1/checkout order=ORD-581125 user=usr_6740 status=200 duration_ms=190
2024-03-14 09:19:08.147 INFO payment-client [eu-west-1] handled GET /v1/cart/ORD-353015 user=usr_2752 status=200 duration_ms=172
2024-03-14 09:19:08.383 INFO checkout-api [us-east-1] handled GET /v1/cart/ORD-869220 user=usr_2645 status=200 duration_ms=131
2024-03-14 09:19:08.823 INFO cart-store [us-east-1] charge accepted order=ORD-777640 amount_cents=20641 currency=USD gateway_ref=ch_7219c994320d
2024-03-14 09:19:09.082 INFO payment-client [ap-south-1] cache hit key=cart:ORD-467860 ttl_remaining_s=121
2024-03-14 09:19:09.612 INFO payment-client [eu-west-1] charge accepted order=ORD-739389 amount_cents=10262 currency=USD gateway_ref=ch_ea50df06fd7e
2024-03-14 09:19:10.036 DEBUG checkout-api [us-east-1] emitted metric checkout.latency value=222 region=ap-south-1
2024-03-14 09:19:10.295 INFO cart-store [eu-west-1] inventory reserved sku=SKU-8237 qty=4 order=ORD-434874
2024-03-14 09:19:10.700 DEBUG cart-store [ap-south-1] emitted metric checkout.latency value=250 region=eu-west-1
2024-03-14 09:19:11.001 INFO cart-store [ap-south-1] handled GET /v1/cart/ORD-320007 user=usr_8600 status=200 duration_ms=115
2024-03-14 09:19:11.642 DEBUG payment-client [ap-south-1] emitted metric checkout.latency value=107 region=us-east-1
2024-03-14 09:19:11.803 DEBUG inventory [eu-west-1] emitted metric checkout.latency value=38 region=us-east-1
2024-03-14 09:19:12.072 DEBUG inventory [eu-west-1] acquired connection pool=payment size=64 in_use=14 wait_ms=93
2024-03-14 09:19:12.518 INFO checkout-api [us-east-1] inventory reserved sku=SKU-4891 qty=4 order=ORD-917464
2024-03-14 09:19:13.384 INFO checkout-api [us-east-1] cache hit key=cart:ORD-556589 ttl_remaining_s=210
2024-03-14 09:19:13.876 DEBUG checkout-api [eu-west-1] acquired connection pool=payment size=64 in_use=7 wait_ms=224
2024-03-14 09:19:14.240 INFO inventory [eu-west-1] handled GET /v1/cart/ORD-468958 user=usr_6128 status=200 duration_ms=247
2024-03-14 09:19:14.513 DEBUG checkout-api [eu-west-1] emitted metric checkout.latency value=212 region=us-east-1
2024-03-14 09:19:15.043 INFO inventory [ap-south-1] handled POST /v1/checkout order=ORD-289149 user=usr_6872 status=200 duration_ms=282
2024-03-14 09:19:15.230 INFO cart-store [ap-south-1] handled GET /v1/cart/ORD-664509 user=usr_1430 status=200 duration_ms=59
2024-03-14 09:19:16.126 INFO cart-store [ap-south-1] inventory reserved sku=SKU-8499 qty=3 order=ORD-806031
2024-03-14 09:19:16.838 INFO payment-client [us-east-1] handled GET /v1/cart/ORD-510704 user=usr_2270 status=200 duration_ms=117
2024-03-14 09:19:17.031 INFO payment-client [ap-south-1] cache hit key=cart:ORD-709379 ttl_remaining_s=19
2024-03-14 09:19:17.455 INFO cart-store [eu-west-1] charge accepted order=ORD-142104 amount_cents=9119 currency=USD gateway_ref=ch_34f5b4d043c2
2024-03-14 09:19:17.908 INFO payment-client [ap-south-1] inventory reserved sku=SKU-1870 qty=1 order=ORD-602260
2024-03-14 09:19:18.594 INFO cart-store [us-east-1] cache hit key=cart:ORD-103327 ttl_remaining_s=185
2024-03-14 09:19:18.896 INFO inventory [eu-west-1] inventory reserved sku=SKU-6148 qty=1 order=ORD-482928
2024-03-14 09:19:19.141 INFO inventory [ap-south-1] handled GET /v1/cart/ORD-349682 user=usr_6727 status=200 duration_ms=158
2024-03-14 09:19:19.784 DEBUG payment-client [ap-south-1] emitted metric checkout.latency value=128 region=eu-west-1
2024-03-14 09:19:20.650 INFO payment-client [eu-west-1] inventory reserved sku=SKU-4476 qty=4 order=ORD-286056
2024-03-14 09:19:20.989 INFO cart-store [eu-west-1] inventory reserved sku=SKU-8744 qty=1 order=ORD-854027
2024-03-14 09:19:21.580 INFO cart-store [eu-west-1] handled POST /v1/checkout order=ORD-412583 user=usr_8019 status=200 duration_ms=131
2024-03-14 09:19:21.924 INFO payment-client [ap-south-1] cache hit key=cart:ORD-551680 ttl_remaining_s=102
2024-03-14 09:19:22.601 DEBUG checkout-api [eu-west-1] acquired connection pool=payment size=64 in_use=47 wait_ms=126
2024-03-14 09:19:23.198 DEBUG payment-client [eu-west-1] acquired connection pool=payment size=64 in_use=35 wait_ms=206
2024-03-14 09:19:23.504 INFO cart-store [eu-west-1] handled POST /v1/checkout order=ORD-998733 user=usr_6213 status=200 duration_ms=42
2024-03-14 09:19:24.151 INFO cart-store [ap-south-1] inventory reserved sku=SKU-5457 qty=3 order=ORD-285253
2024-03-14 09:19:24.826 DEBUG checkout-api [ap-south-1] emitted metric checkout.latency value=93 region=us-east-1
2024-03-14 09:19:25.453 DEBUG cart-store [eu-west-1] emitted metric checkout.latency value=32 region=ap-south-1
2024-03-14 09:19:25.710 DEBUG payment-client [ap-south-1] acquired connection pool=payment size=64 in_use=60 wait_ms=322
2024-03-14 09:19:26.234 INFO inventory [ap-south-1] cache hit key=cart:ORD-457309 ttl_remaining_s=185
2024-03-14 09:19:26.714 INFO inventory [ap-south-1] cache hit key=cart:ORD-434633 ttl_remaining_s=108
2024-03-14 09:19:27.395 INFO inventory [eu-west-1] handled POST /v1/checkout order=ORD-239936 user=usr_7497 status=200 duration_ms=36
2024-03-14 09:19:28.281 INFO checkout-api [us-east-1] handled POST /v1/checkout order=ORD-910598 user=usr_1000 status=200 duration_ms=332
2024-03-14 09:19:28.872 INFO inventory [eu-west-1] handled POST /v1/checkout order=ORD-809510 user=usr_8270 status=200 duration_ms=70
2024-03-14 09:19:29.595 DEBUG inventory [ap-south-1] acquired connection pool=payment size=64 in_use=9 wait_ms=276
2024-03-14 09:19:30.036 INFO payment-client [us-east-1] cache hit key=cart:ORD-495013 ttl_remaining_s=264
2024-03-14 09:19:30.341 INFO inventory [ap-south-1] inventory reserved sku=SKU-3435 qty=4 order=ORD-880261
2024-03-14 09:19:30.792 INFO cart-store [ap-south-1] cache hit key=cart:ORD-513528 ttl_remaining_s=186
2024-03-14 09:19:31.510 INFO payment-client [eu-west-1] charge accepted order=ORD-267461 amount_cents=8117 currency=USD gateway_ref=ch_f30eba00898e
2024-03-14 09:19:31.826 INFO checkout-api [us-east-1] inventory reserved sku=SKU-5980 qty=4 order=ORD-956826
2024-03-14 09:19:32.369 INFO checkout-api [ap-south-1] cache hit key=cart:ORD-493053 ttl_remaining_s=221
2024-03-14 09:19:33.169 INFO payment-client [us-east-1] inventory reserved sku=SKU-1709 qty=3 order=ORD-688668
2024-03-14 09:19:33.664 INFO payment-client [ap-south-1] cache hit key=cart:ORD-165877 ttl_remaining_s=60
2024-03-14 09:19:34.434 INFO payment-client [eu-west-1] inventory reserved sku=SKU-4892 qty=3 order=ORD-936472
2024-03-14 09:19:34.868 INFO inventory [us-east-1] charge accepted order=ORD-121799 amount_cents=9370 currency=USD gateway_ref=ch_771aec4b1406
2024-03-14 09:19:35.526 INFO cart-store [us-east-1] charge accepted order=ORD-355319 amount_cents=20794 currency=USD gateway_ref=ch_556e327cc4e6
2024-03-14 09:19:36.388 INFO payment-client [us-east-1] handled GET /v1/cart/ORD-312594 user=usr_5620 status=200 duration_ms=189
2024-03-14 09:19:37.012 INFO cart-store [eu-west-1] handled POST /v1/checkout order=ORD-112319 user=usr_1298 status=200 duration_ms=68
2024-03-14 09:19:37.321 INFO inventory [us-east-1] charge accepted order=ORD-690564 amount_cents=19333 currency=USD gateway_ref=ch_9a58b6ba93a4
2024-03-14 09:19:37.726 INFO checkout-api [ap-south-1] cache hit key=cart:ORD-361561 ttl_remaining_s=92
2024-03-14 09:19:38.311 INFO cart-store [us-east-1] inventory reserved sku=SKU-6852 qty=3 order=ORD-484886
2024-03-14 09:19:39.173 INFO checkout-api [eu-west-1] charge accepted order=ORD-213074 amount_cents=16666 currency=USD gateway_ref=ch_b6ca9a7a6c47
2024-03-14 09:19:39.850 INFO checkout-api [us-east-1] handled POST /v1/checkout order=ORD-689552 user=usr_5506 status=200 duration_ms=330
2024-03-14 09:19:40.219 DEBUG payment-client [ap-south-1] emitted metric checkout.latency value=203 region=eu-west-1
2024-03-14 09:19:40.501 INFO checkout-api [ap-south-1] handled POST /v1/checkout order=ORD-327179 user=usr_1777 status=200 duration_ms=92
2024-03-14 09:19:40.952 DEBUG cart-store [eu-west-1] acquired connection pool=payment size=64 in_use=1 wait_ms=69
2024-03-14 09:19:41.443 INFO inventory [us-east-1] handled POST /v1/checkout order=ORD-656346 user=usr_8059 status=200 duration_ms=314
2024-03-14 09:19:41.666 INFO cart-store [us-east-1] cache hit key=cart:ORD-597895 ttl_remaining_s=81
2024-03-14 09:19:42.240 INFO checkout-api [ap-south-1] handled GET /v1/cart/ORD-226370 user=usr_6027 status=200 duration_ms=60
2024-03-14 09:19:42.702 INFO cart-store [ap-south-1] handled POST /v1/checkout order=ORD-748553 user=usr_9152 status=200 duration_ms=280
2024-03-14 09:19:43.566 DEBUG cart-store [us-east-1] emitted metric checkout.latency value=275 region=eu-west-1
2024-03-14 09:19:44.369 INFO inventory [ap-south-1] cache hit key=cart:ORD-327315 ttl_remaining_s=135
2024-03-14 09:19:45.141 DEBUG checkout-api [us-east-1] acquired connection pool=payment size=64 in_use=55 wait_ms=150
2024-03-14 09:19:46.010 DEBUG payment-client [us-east-1] emitted metric checkout.latency value=29 region=us-east-1
2024-03-14 09:19:46.867 INFO cart-store [ap-south-1] handled GET /v1/cart/ORD-882533 user=usr_7712 status=200 duration_ms=120
2024-03-14 09:19:47.691 INFO checkout-api [eu-west-1] handled GET /v1/cart/ORD-736871 user=usr_8563 status=200 duration_ms=164
2024-03-14 09:19:48.001 DEBUG inventory [ap-south-1] acquired connection pool=payment size=64 in_use=21 wait_ms=154
2024-03-14 09:19:48.414 DEBUG checkout-api [ap-south-1] acquired connection pool=payment size=64 in_use=6 wait_ms=105
2024-03-14 09:19:49.299 INFO checkout-api [eu-west-1] handled POST /v1/checkout order=ORD-727503 user=usr_3661 status=200 duration_ms=265
2024-03-14 09:19:49.802 DEBUG payment-client [ap-south-1] emitted metric checkout.latency value=75 region=us-east-1
2024-03-14 09:19:50.008 DEBUG inventory [us-east-1] emitted metric checkout.latency value=236 region=eu-west-1
2024-03-14 09:19:50.669 INFO inventory [eu-west-1] handled GET /v1/cart/ORD-463142 user=usr_5026 status=200 duration_ms=307
2024-03-14 09:19:50.815 INFO inventory [ap-south-1] handled POST /v1/checkout order=ORD-714448 user=usr_3324 status=200 duration_ms=150
2024-03-14 09:19:50.952 INFO payment-client [us-east-1] handled POST /v1/checkout order=ORD-289675 user=usr_7767 status=200 duration_ms=176
2024-03-14 09:19:51.450 INFO inventory [eu-west-1] handled GET /v1/cart/ORD-878002 user=usr_2227 status=200 duration_ms=73
2024-03-14 09:19:52.283 DEBUG payment-client [ap-south-1] acquired connection pool=payment size=64 in_use=36 wait_ms=62
2024-03-14 09:19:52.907 DEBUG cart-store [ap-south-1] emitted metric checkout.latency value=146 region=eu-west-1
2024-03-14 09:19:53.737 INFO inventory [us-east-1] inventory reserved sku=SKU-6376 qty=4 order=ORD-418052
2024-03-14 09:19:54.608 DEBUG inventory [us-east-1] acquired connection pool=payment size=64 in_use=25 wait_ms=201
2024-03-14 09:19:55.258 INFO inventory [us-east-1] cache hit key=cart:ORD-486307 ttl_remaining_s=258
2024-03-14 09:19:55.761 INFO cart-store [eu-west-1] handled POST /v1/checkout order=ORD-251463 user=usr_7516 status=200 duration_ms=69
2024-03-14 09:19:56.452 DEBUG inventory [ap-south-1] acquired connection pool=payment size=64 in_use=29 wait_ms=48
2024-03-14 09:19:56.729 INFO cart-store [eu-west-1] cache hit key=cart:ORD-500697 ttl_remaining_s=55
2024-03-14 09:19:56.996 DEBUG checkout-api [us-east-1] acquired connection pool=payment size=64 in_use=60 wait_ms=47
2024-03-14 09:19:57.428 DEBUG inventory [us-east-1] emitted metric checkout.latency value=66 region=ap-south-1
2024-03-14 09:19:57.862 INFO cart-store [ap-south-1] handled POST /v1/checkout order=ORD-927855 user=usr_4602 status=200 duration_ms=298
2024-03-14 09:19:58.178 INFO cart-store [us-east-1] inventory reserved sku=SKU-7023 qty=3 order=ORD-396078
2024-03-14 09:19:58.587 INFO cart-store [ap-south-1] charge accepted order=ORD-203026 amount_cents=14441 currency=USD gateway_ref=ch_5dca346c0b28
2024-03-14 09:19:59.101 INFO payment-client [us-east-1] inventory reserved sku=SKU-7468 qty=4 order=ORD-954354
2024-03-14 09:19:59.604 DEBUG checkout-api [ap-south-1] emitted metric checkout.latency value=223 region=eu-west-1
2024-03-14 09:20:00.356 INFO checkout-api [eu-west-1] handled GET /v1/cart/ORD-173377 user=usr_6041 status=200 duration_ms=289
2024-03-14 09:20:01.011 INFO inventory [ap-south-1] cache hit key=cart:ORD-761201 ttl_remaining_s=242
2024-03-14 09:20:01.627 INFO checkout-api [ap-south-1] handled POST /v1/checkout order=ORD-373127 user=usr_7126 status=200 duration_ms=262
2024-03-14 09:20:01.878 INFO cart-store [eu-west-1] inventory reserved sku=SKU-6629 qty=2 order=ORD-363283
2024-03-14 09:20:02.668 INFO checkout-api [ap-south-1] handled GET /v1/cart/ORD-483367 user=usr_1482 status=200 duration_ms=328
2024-03-14 09:20:02.894 INFO inventory [eu-west-1] inventory reserved sku=SKU-2820 qty=1 order=ORD-476172
2024-03-14 09:20:03.131 INFO cart-store [us-east-1] handled POST /v1/checkout order=ORD-213960 user=usr_2428 status=200 duration_ms=61
2024-03-14 09:20:03.876 INFO cart-store [us-east-1] inventory reserved sku=SKU-7414 qty=1 order=ORD-454681
2024-03-14 09:20:04.322 INFO checkout-api [us-east-1] handled GET /v1/cart/ORD-973374 user=usr_9768 status=200 duration_ms=253
2024-03-14 09:20:04.651 INFO cart-store [us-east-1] handled GET /v1/cart/ORD-629382 user=usr_2883 status=200 duration_ms=213
2024-03-14 09:20:05.389 DEBUG inventory [us-east-1] emitted metric checkout.latency value=106 region=us-east-1
2024-03-14 09:20:06.060 INFO inventory [us-east-1] handled POST /v1/checkout order=ORD-498873 user=usr_9640 status=200 duration_ms=292
2024-03-14 09:20:06.316 INFO inventory [us-east-1] cache hit key=cart:ORD-340531 ttl_remaining_s=175
2024-03-14 09:20:06.831 INFO payment-client [us-east-1] handled GET /v1/cart/ORD-403643 user=usr_2213 status=200 duration_ms=286
2024-03-14 09:20:07.263 DEBUG cart-store [ap-south-1] emitted metric checkout.latency value=94 region=us-east-1
2024-03-14 09:20:07.555 DEBUG payment-client [eu-west-1] acquired connection pool=payment size=64 in_use=59 wait_ms=79
2024-03-14 09:20:07.906 INFO cart-store [eu-west-1] handled POST /v1/checkout order=ORD-415921 user=usr_3541 status=200 duration_ms=289
2024-03-14 09:20:08.744 INFO checkout-api [eu-west-1] charge accepted order=ORD-547335 amount_cents=11009 currency=USD gateway_ref=ch_a63767c2495b
2024-03-14 09:20:09.500 INFO checkout-api [ap-south-1] inventory reserved sku=SKU-3305 qty=4 order=ORD-210438
2024-03-14 09:20:09.801 INFO inventory [eu-west-1] cache hit key=cart:ORD-510324 ttl_remaining_s=18
2024-03-14 09:20:10.356 DEBUG payment-client [us-east-1] emitted metric checkout.latency value=254 region=us-east-1
2024-03-14 09:20:11.048 INFO checkout-api [us-east-1] inventory reserved sku=SKU-2297 qty=2 order=ORD-704506
2024-03-14 09:20:11.563 DEBUG checkout-api [eu-west-1] acquired connection pool=payment size=64 in_use=10 wait_ms=289
2024-03-14 09:20:12.079 DEBUG cart-store [us-east-1] emitted metric checkout.latency value=112 region=us-east-1
2024-03-14 09:20:12.474 INFO inventory [ap-south-1] inventory reserved sku=SKU-8578 qty=1 order=ORD-768425
2024-03-14 09:20:13.035 INFO checkout-api [ap-south-1] handled GET /v1/cart/ORD-638063 user=usr_1618 status=200 duration_ms=208
2024-03-14 09:20:13.424 DEBUG inventory [us-east-1] emitted metric checkout.latency value=247 region=us-east-1
2024-03-14 09:20:13.692 INFO inventory [eu-west-1] handled POST /v1/checkout order=ORD-818121 user=usr_8914 status=200 duration_ms=170
2024-03-14 09:20:14.453 DEBUG cart-store [ap-south-1] acquired connection pool=payment size=64 in_use=46 wait_ms=340
2024-03-14 09:20:14.666 INFO cart-store [eu-west-1] inventory reserved sku=SKU-2426 qty=1 order=ORD-771120
2024-03-14 09:20:15.054 INFO inventory [ap-south-1] handled POST /v1/checkout order=ORD-930886 user=usr_6079 status=200 duration_ms=176
2024-03-14 09:20:15.882 DEBUG cart-store [eu-west-1] emitted metric checkout.latency value=175 region=eu-west-1
2024-03-14 09:20:16.173 INFO cart-store [eu-west-1] handled POST /v1/checkout order=ORD-944356 user=usr_9540 status=200 duration_ms=137
2024-03-14 09:20:16.528 INFO payment-client [us-east-1] handled GET /v1/cart/ORD-508096 user=usr_6918 status=200 duration_ms=50
2024-03-14 09:20:16.657 INFO payment-client [us-east-1] cache hit key=cart:ORD-828130 ttl_remaining_s=35
